proposed_id,domain,operation,catalog_risk,catalog_status,reconciliation_class,existing_candidate_skill_ids,rationale,validation_state
frontend-requirements-discovery,frontend,requirements-discovery,medium,PROPOSED_RECONCILE,WORKFLOW_COMPOSITION,aide-arch-frontend-core;aide-browser-ide;aide-responsive-a11y;web-builder;web-builder-full-stack-synthesis;aide-agent-workflow-sop;aide-autonomous-workflow;aide-master-roadmap,"Compose this multi-step activity in a curated workflow/pack. Existing workbench flows are adjacent composition examples, not proof this target-domain workflow exists.",TRIAGE_ONLY_NOT_CERTIFIED
frontend-environment-inspection,frontend,environment-inspection,medium,PROPOSED_RECONCILE,WORKFLOW_COMPOSITION,aide-arch-frontend-core;aide-browser-ide;aide-responsive-a11y;web-builder;web-builder-full-stack-synthesis;aide-agent-workflow-sop;aide-autonomous-workflow;aide-master-roadmap,"Compose this multi-step activity in a curated workflow/pack. Existing workbench flows are adjacent composition examples, not proof this target-domain workflow exists.",TRIAGE_ONLY_NOT_CERTIFIED
frontend-reference-research,frontend,reference-research,medium,PROPOSED_RECONCILE,WORKFLOW_COMPOSITION,aide-arch-frontend-core;aide-browser-ide;aide-responsive-a11y;web-builder;web-builder-full-stack-synthesis;aide-agent-workflow-sop;aide-autonomous-workflow;aide-master-roadmap,"Compose this multi-step activity in a curated workflow/pack. Existing workbench flows are adjacent composition examples, not proof this target-domain workflow exists.",TRIAGE_ONLY_NOT_CERTIFIED
frontend-architecture-plan,frontend,architecture-plan,medium,PROPOSED_RECONCILE,WORKFLOW_COMPOSITION,aide-arch-frontend-core;aide-browser-ide;aide-responsive-a11y;web-builder;web-builder-full-stack-synthesis;aide-agent-workflow-sop;aide-autonomous-workflow;aide-master-roadmap,"Compose this multi-step activity in a curated workflow/pack. Existing workbench flows are adjacent composition examples, not proof this target-domain workflow exists.",TRIAGE_ONLY_NOT_CERTIFIED
frontend-interface-contract,frontend,interface-contract,medium,PROPOSED_RECONCILE,MISSING_HIGH_VALUE,aide-arch-frontend-core;aide-browser-ide;aide-responsive-a11y;web-builder;web-builder-full-stack-synthesis,No operation-specific match was found in the curated domain skill family; prioritize because the catalog marks it high risk or the domain is on the current software-product/release path.,TRIAGE_ONLY_NOT_CERTIFIED
frontend-data-contract,frontend,data-contract,medium,PROPOSED_RECONCILE,PARTIALLY_SATISFIED,aide-arch-frontend-core,"Related domain skill text exists, but it lacks the supplied formal contract and coordinate-level routing/certification evidence.",TRIAGE_ONLY_NOT_CERTIFIED
frontend-implementation-plan,frontend,implementation-plan,medium,PROPOSED_RECONCILE,WORKFLOW_COMPOSITION,aide-arch-frontend-core;aide-browser-ide;aide-responsive-a11y;web-builder;web-builder-full-stack-synthesis;aide-agent-workflow-sop;aide-autonomous-workflow;aide-master-roadmap,"Compose this multi-step activity in a curated workflow/pack. Existing workbench flows are adjacent composition examples, not proof this target-domain workflow exists.",TRIAGE_ONLY_NOT_CERTIFIED
frontend-prototype,frontend,prototype,medium,PROPOSED_RECONCILE,WORKFLOW_COMPOSITION,aide-arch-frontend-core;aide-browser-ide;aide-responsive-a11y;web-builder;web-builder-full-stack-synthesis;aide-agent-workflow-sop;aide-autonomous-workflow;aide-master-roadmap,"Compose this multi-step activity in a curated workflow/pack. Existing workbench flows are adjacent composition examples, not proof this target-domain workflow exists.",TRIAGE_ONLY_NOT_CERTIFIED
frontend-implementation,frontend,implementation,medium,PROPOSED_RECONCILE,WORKFLOW_COMPOSITION,aide-arch-frontend-core;aide-browser-ide;aide-responsive-a11y;web-builder;web-builder-full-stack-synthesis;aide-agent-workflow-sop;aide-autonomous-workflow;aide-master-roadmap,"Compose this multi-step activity in a curated workflow/pack. Existing workbench flows are adjacent composition examples, not proof this target-domain workflow exists.",TRIAGE_ONLY_NOT_CERTIFIED
frontend-integration,frontend,integration,medium,PROPOSED_RECONCILE,WORKFLOW_COMPOSITION,aide-arch-frontend-core;aide-browser-ide;aide-responsive-a11y;web-builder;web-builder-full-stack-synthesis;aide-agent-workflow-sop;aide-autonomous-workflow;aide-master-roadmap,"Compose this multi-step activity in a curated workflow/pack. Existing workbench flows are adjacent composition examples, not proof this target-domain workflow exists.",TRIAGE_ONLY_NOT_CERTIFIED
frontend-configuration,frontend,configuration,medium,PROPOSED_RECONCILE,WORKFLOW_COMPOSITION,aide-arch-frontend-core;aide-browser-ide;aide-responsive-a11y;web-builder;web-builder-full-stack-synthesis;aide-agent-workflow-sop;aide-autonomous-workflow;aide-master-roadmap,"Compose this multi-step activity in a curated workflow/pack. Existing workbench flows are adjacent composition examples, not proof this target-domain workflow exists.",TRIAGE_ONLY_NOT_CERTIFIED
frontend-migration,frontend,migration,medium,PROPOSED_RECONCILE,WORKFLOW_COMPOSITION,aide-arch-frontend-core;aide-browser-ide;aide-responsive-a11y;web-builder;web-builder-full-stack-synthesis;aide-agent-workflow-sop;aide-autonomous-workflow;aide-master-roadmap,"Compose this multi-step activity in a curated workflow/pack. Existing workbench flows are adjacent composition examples, not proof this target-domain workflow exists.",TRIAGE_ONLY_NOT_CERTIFIED
frontend-compatibility,frontend,compatibility,medium,PROPOSED_RECONCILE,MISSING_HIGH_VALUE,aide-arch-frontend-core;aide-browser-ide;aide-responsive-a11y;web-builder;web-builder-full-stack-synthesis,No operation-specific match was found in the curated domain skill family; prioritize because the catalog marks it high risk or the domain is on the current software-product/release path.,TRIAGE_ONLY_NOT_CERTIFIED
frontend-error-handling,frontend,error-handling,medium,PROPOSED_RECONCILE,MISSING_HIGH_VALUE,aide-arch-frontend-core;aide-browser-ide;aide-responsive-a11y;web-builder;web-builder-full-stack-synthesis,No operation-specific match was found in the curated domain skill family; prioritize because the catalog marks it high risk or the domain is on the current software-product/release path.,TRIAGE_ONLY_NOT_CERTIFIED
frontend-edge-cases,frontend,edge-cases,medium,PROPOSED_RECONCILE,PARTIALLY_SATISFIED,web-builder,"Related domain skill text exists, but it lacks the supplied formal contract and coordinate-level routing/certification evidence.",TRIAGE_ONLY_NOT_CERTIFIED
frontend-security-review,frontend,security-review,high,PROPOSED_RECONCILE,SOP_GOVERNED,aide-security-hardening;aide-supply-chain-audit;developer-way,Govern this cross-cutting procedure once through the named SOP family; add domain-specific checks only where evidence requires them.,TRIAGE_ONLY_NOT_CERTIFIED
frontend-privacy-review,frontend,privacy-review,medium,PROPOSED_RECONCILE,SOP_GOVERNED,covert-context-control;aide-offline-agent-loop;aide-secrets-handling-protocol;developer-way,Govern this cross-cutting procedure once through the named SOP family; add domain-specific checks only where evidence requires them.,TRIAGE_ONLY_NOT_CERTIFIED
frontend-accessibility-review,frontend,accessibility-review,medium,PROPOSED_RECONCILE,PARTIALLY_SATISFIED,aide-responsive-a11y;web-builder;web-builder-full-stack-synthesis,"Related domain skill text exists, but it lacks the supplied formal contract and coordinate-level routing/certification evidence.",TRIAGE_ONLY_NOT_CERTIFIED
frontend-performance-budget,frontend,performance-budget,medium,PROPOSED_RECONCILE,MISSING_HIGH_VALUE,aide-arch-frontend-core;aide-browser-ide;aide-responsive-a11y;web-builder;web-builder-full-stack-synthesis,No operation-specific match was found in the curated domain skill family; prioritize because the catalog marks it high risk or the domain is on the current software-product/release path.,TRIAGE_ONLY_NOT_CERTIFIED
frontend-performance-profile,frontend,performance-profile,medium,PROPOSED_RECONCILE,MISSING_HIGH_VALUE,aide-arch-frontend-core;aide-browser-ide;aide-responsive-a11y;web-builder;web-builder-full-stack-synthesis,No operation-specific match was found in the curated domain skill family; prioritize because the catalog marks it high risk or the domain is on the current software-product/release path.,TRIAGE_ONLY_NOT_CERTIFIED
frontend-unit-verification,frontend,unit-verification,medium,PROPOSED_RECONCILE,NOT_APPROPRIATE_AS_SKILL,aide-task-verification-battery;aide-veritas-layer;aide-pre-push-gate,This is a deterministic verification/evidence outcome; expose the gate in a workflow and record its result instead of relying on prompt instructions.,TRIAGE_ONLY_NOT_CERTIFIED
frontend-integration-verification,frontend,integration-verification,medium,PROPOSED_RECONCILE,NOT_APPROPRIATE_AS_SKILL,aide-task-verification-battery;aide-veritas-layer;aide-pre-push-gate,This is a deterministic verification/evidence outcome; expose the gate in a workflow and record its result instead of relying on prompt instructions.,TRIAGE_ONLY_NOT_CERTIFIED
frontend-e2e-verification,frontend,e2e-verification,medium,PROPOSED_RECONCILE,NOT_APPROPRIATE_AS_SKILL,aide-task-verification-battery;aide-veritas-layer;aide-pre-push-gate,This is a deterministic verification/evidence outcome; expose the gate in a workflow and record its result instead of relying on prompt instructions.,TRIAGE_ONLY_NOT_CERTIFIED
frontend-negative-testing,frontend,negative-testing,medium,PROPOSED_RECONCILE,MISSING_HIGH_VALUE,aide-arch-frontend-core;aide-browser-ide;aide-responsive-a11y;web-builder;web-builder-full-stack-synthesis,No operation-specific match was found in the curated domain skill family; prioritize because the catalog marks it high risk or the domain is on the current software-product/release path.,TRIAGE_ONLY_NOT_CERTIFIED
frontend-fault-injection,frontend,fault-injection,medium,PROPOSED_RECONCILE,MISSING_HIGH_VALUE,aide-arch-frontend-core;aide-browser-ide;aide-responsive-a11y;web-builder;web-builder-full-stack-synthesis,No operation-specific match was found in the curated domain skill family; prioritize because the catalog marks it high risk or the domain is on the current software-product/release path.,TRIAGE_ONLY_NOT_CERTIFIED
frontend-cross-platform-check,frontend,cross-platform-check,medium,PROPOSED_RECONCILE,WORKFLOW_COMPOSITION,aide-arch-frontend-core;aide-browser-ide;aide-responsive-a11y;web-builder;web-builder-full-stack-synthesis;aide-agent-workflow-sop;aide-autonomous-workflow;aide-master-roadmap,"Compose this multi-step activity in a curated workflow/pack. Existing workbench flows are adjacent composition examples, not proof this target-domain workflow exists.",TRIAGE_ONLY_NOT_CERTIFIED
frontend-offline-check,frontend,offline-check,medium,PROPOSED_RECONCILE,WORKFLOW_COMPOSITION,aide-arch-frontend-core;aide-browser-ide;aide-responsive-a11y;web-builder;web-builder-full-stack-synthesis;aide-agent-workflow-sop;aide-autonomous-workflow;aide-master-roadmap,"Compose this multi-step activity in a curated workflow/pack. Existing workbench flows are adjacent composition examples, not proof this target-domain workflow exists.",TRIAGE_ONLY_NOT_CERTIFIED
frontend-restart-recovery,frontend,restart-recovery,medium,PROPOSED_RECONCILE,WORKFLOW_COMPOSITION,aide-arch-frontend-core;aide-browser-ide;aide-responsive-a11y;web-builder;web-builder-full-stack-synthesis;aide-agent-workflow-sop;aide-autonomous-workflow;aide-master-roadmap,"Compose this multi-step activity in a curated workflow/pack. Existing workbench flows are adjacent composition examples, not proof this target-domain workflow exists.",TRIAGE_ONLY_NOT_CERTIFIED
frontend-observability,frontend,observability,medium,PROPOSED_RECONCILE,PARTIALLY_SATISFIED,web-builder-full-stack-synthesis,"Related domain skill text exists, but it lacks the supplied formal contract and coordinate-level routing/certification evidence.",TRIAGE_ONLY_NOT_CERTIFIED
frontend-logging-diagnostics,frontend,logging-diagnostics,medium,PROPOSED_RECONCILE,MISSING_HIGH_VALUE,aide-arch-frontend-core;aide-browser-ide;aide-responsive-a11y;web-builder;web-builder-full-stack-synthesis,No operation-specific match was found in the curated domain skill family; prioritize because the catalog marks it high risk or the domain is on the current software-product/release path.,TRIAGE_ONLY_NOT_CERTIFIED
frontend-documentation,frontend,documentation,medium,PROPOSED_RECONCILE,PARTIALLY_SATISFIED,aide-browser-ide;aide-responsive-a11y,"Related domain skill text exists, but it lacks the supplied formal contract and coordinate-level routing/certification evidence.",TRIAGE_ONLY_NOT_CERTIFIED
frontend-operator-runbook,frontend,operator-runbook,medium,PROPOSED_RECONCILE,SOP_GOVERNED,agent-notes;aide-aide-stack-launch-and-recover;developer-way,Govern this cross-cutting procedure once through the named SOP family; add domain-specific checks only where evidence requires them.,TRIAGE_ONLY_NOT_CERTIFIED
frontend-code-review,frontend,code-review,medium,PROPOSED_RECONCILE,SOP_GOVERNED,aide-release-engineering;aide-arch-test-fixes;aide-pre-push-gate;developer-way,Govern this cross-cutting procedure once through the named SOP family; add domain-specific checks only where evidence requires them.,TRIAGE_ONLY_NOT_CERTIFIED
frontend-regression-analysis,frontend,regression-analysis,medium,PROPOSED_RECONCILE,SOP_GOVERNED,aide-arch-test-fixes;aide-task-verification-battery;developer-way,Govern this cross-cutting procedure once through the named SOP family; add domain-specific checks only where evidence requires them.,TRIAGE_ONLY_NOT_CERTIFIED
frontend-root-cause-repair,frontend,root-cause-repair,medium,PROPOSED_RECONCILE,SOP_GOVERNED,aide-debugging-discipline;aide-unified-diff-repair;ask-dont-circle;developer-way,Govern this cross-cutting procedure once through the named SOP family; add domain-specific checks only where evidence requires them.,TRIAGE_ONLY_NOT_CERTIFIED
frontend-dependency-audit,frontend,dependency-audit,medium,PROPOSED_RECONCILE,SOP_GOVERNED,aide-supply-chain-audit;aide-arch-packaging-release;aide-ci-diagnostics,Govern this cross-cutting procedure once through the named SOP family; add domain-specific checks only where evidence requires them.,TRIAGE_ONLY_NOT_CERTIFIED
frontend-release-readiness,frontend,release-readiness,high,PROPOSED_RECONCILE,WORKFLOW_COMPOSITION,aide-arch-frontend-core;aide-browser-ide;aide-responsive-a11y;web-builder;web-builder-full-stack-synthesis;aide-agent-workflow-sop;aide-autonomous-workflow;aide-master-roadmap,"Compose this multi-step activity in a curated workflow/pack. Existing workbench flows are adjacent composition examples, not proof this target-domain workflow exists.",TRIAGE_ONLY_NOT_CERTIFIED
frontend-evidence-capture,frontend,evidence-capture,medium,PROPOSED_RECONCILE,NOT_APPROPRIATE_AS_SKILL,aide-task-verification-battery;aide-veritas-layer;aide-pre-push-gate,This is a deterministic verification/evidence outcome; expose the gate in a workflow and record its result instead of relying on prompt instructions.,TRIAGE_ONLY_NOT_CERTIFIED
frontend-post-acceptance-monitoring,frontend,post-acceptance-monitoring,medium,PROPOSED_RECONCILE,WORKFLOW_COMPOSITION,aide-arch-frontend-core;aide-browser-ide;aide-responsive-a11y;web-builder;web-builder-full-stack-synthesis;aide-agent-workflow-sop;aide-autonomous-workflow;aide-master-roadmap,"Compose this multi-step activity in a curated workflow/pack. Existing workbench flows are adjacent composition examples, not proof this target-domain workflow exists.",TRIAGE_ONLY_NOT_CERTIFIED
frontend-maintenance-upgrade,frontend,maintenance-upgrade,medium,PROPOSED_RECONCILE,WORKFLOW_COMPOSITION,aide-arch-frontend-core;aide-browser-ide;aide-responsive-a11y;web-builder;web-builder-full-stack-synthesis;aide-agent-workflow-sop;aide-autonomous-workflow;aide-master-roadmap,"Compose this multi-step activity in a curated workflow/pack. Existing workbench flows are adjacent composition examples, not proof this target-domain workflow exists.",TRIAGE_ONLY_NOT_CERTIFIED
immersive-web-requirements-discovery,immersive-web,requirements-discovery,medium,PROPOSED_RECONCILE,WORKFLOW_COMPOSITION,ex-arch-immersive-landing-architecture;ex-int-motion-choreography;ex-vis-premium-aesthetic-language;ex-fnt-component-composition;aide-agent-workflow-sop;aide-autonomous-workflow;aide-master-roadmap,"Compose this multi-step activity in a curated workflow/pack. Existing workbench flows are adjacent composition examples, not proof this target-domain workflow exists.",TRIAGE_ONLY_NOT_CERTIFIED
immersive-web-environment-inspection,immersive-web,environment-inspection,medium,PROPOSED_RECONCILE,WORKFLOW_COMPOSITION,ex-arch-immersive-landing-architecture;ex-int-motion-choreography;ex-vis-premium-aesthetic-language;ex-fnt-component-composition;aide-agent-workflow-sop;aide-autonomous-workflow;aide-master-roadmap,"Compose this multi-step activity in a curated workflow/pack. Existing workbench flows are adjacent composition examples, not proof this target-domain workflow exists.",TRIAGE_ONLY_NOT_CERTIFIED
immersive-web-reference-research,immersive-web,reference-research,medium,PROPOSED_RECONCILE,WORKFLOW_COMPOSITION,ex-arch-immersive-landing-architecture;ex-int-motion-choreography;ex-vis-premium-aesthetic-language;ex-fnt-component-composition;aide-agent-workflow-sop;aide-autonomous-workflow;aide-master-roadmap,"Compose this multi-step activity in a curated workflow/pack. Existing workbench flows are adjacent composition examples, not proof this target-domain workflow exists.",TRIAGE_ONLY_NOT_CERTIFIED
immersive-web-architecture-plan,immersive-web,architecture-plan,medium,PROPOSED_RECONCILE,WORKFLOW_COMPOSITION,ex-arch-immersive-landing-architecture;ex-int-motion-choreography;ex-vis-premium-aesthetic-language;ex-fnt-component-composition;aide-agent-workflow-sop;aide-autonomous-workflow;aide-master-roadmap,"Compose this multi-step activity in a curated workflow/pack. Existing workbench flows are adjacent composition examples, not proof this target-domain workflow exists.",TRIAGE_ONLY_NOT_CERTIFIED
immersive-web-interface-contract,immersive-web,interface-contract,medium,PROPOSED_RECONCILE,MISSING_HIGH_VALUE,ex-arch-immersive-landing-architecture;ex-int-motion-choreography;ex-vis-premium-aesthetic-language;ex-fnt-component-composition,No operation-specific match was found in the curated domain skill family; prioritize because the catalog marks it high risk or the domain is on the current software-product/release path.,TRIAGE_ONLY_NOT_CERTIFIED
immersive-web-data-contract,immersive-web,data-contract,medium,PROPOSED_RECONCILE,MISSING_HIGH_VALUE,ex-arch-immersive-landing-architecture;ex-int-motion-choreography;ex-vis-premium-aesthetic-language;ex-fnt-component-composition,No operation-specific match was found in the curated domain skill family; prioritize because the catalog marks it high risk or the domain is on the current software-product/release path.,TRIAGE_ONLY_NOT_CERTIFIED
immersive-web-implementation-plan,immersive-web,implementation-plan,medium,PROPOSED_RECONCILE,WORKFLOW_COMPOSITION,ex-arch-immersive-landing-architecture;ex-int-motion-choreography;ex-vis-premium-aesthetic-language;ex-fnt-component-composition;aide-agent-workflow-sop;aide-autonomous-workflow;aide-master-roadmap,"Compose this multi-step activity in a curated workflow/pack. Existing workbench flows are adjacent composition examples, not proof this target-domain workflow exists.",TRIAGE_ONLY_NOT_CERTIFIED
immersive-web-prototype,immersive-web,prototype,medium,PROPOSED_RECONCILE,WORKFLOW_COMPOSITION,ex-arch-immersive-landing-architecture;ex-int-motion-choreography;ex-vis-premium-aesthetic-language;ex-fnt-component-composition;aide-agent-workflow-sop;aide-autonomous-workflow;aide-master-roadmap,"Compose this multi-step activity in a curated workflow/pack. Existing workbench flows are adjacent composition examples, not proof this target-domain workflow exists.",TRIAGE_ONLY_NOT_CERTIFIED
immersive-web-implementation,immersive-web,implementation,medium,PROPOSED_RECONCILE,WORKFLOW_COMPOSITION,ex-arch-immersive-landing-architecture;ex-int-motion-choreography;ex-vis-premium-aesthetic-language;ex-fnt-component-composition;aide-agent-workflow-sop;aide-autonomous-workflow;aide-master-roadmap,"Compose this multi-step activity in a curated workflow/pack. Existing workbench flows are adjacent composition examples, not proof this target-domain workflow exists.",TRIAGE_ONLY_NOT_CERTIFIED
immersive-web-integration,immersive-web,integration,medium,PROPOSED_RECONCILE,WORKFLOW_COMPOSITION,ex-arch-immersive-landing-architecture;ex-int-motion-choreography;ex-vis-premium-aesthetic-language;ex-fnt-component-composition;aide-agent-workflow-sop;aide-autonomous-workflow;aide-master-roadmap,"Compose this multi-step activity in a curated workflow/pack. Existing workbench flows are adjacent composition examples, not proof this target-domain workflow exists.",TRIAGE_ONLY_NOT_CERTIFIED
immersive-web-configuration,immersive-web,configuration,medium,PROPOSED_RECONCILE,WORKFLOW_COMPOSITION,ex-arch-immersive-landing-architecture;ex-int-motion-choreography;ex-vis-premium-aesthetic-language;ex-fnt-component-composition;aide-agent-workflow-sop;aide-autonomous-workflow;aide-master-roadmap,"Compose this multi-step activity in a curated workflow/pack. Existing workbench flows are adjacent composition examples, not proof this target-domain workflow exists.",TRIAGE_ONLY_NOT_CERTIFIED
immersive-web-migration,immersive-web,migration,medium,PROPOSED_RECONCILE,WORKFLOW_COMPOSITION,ex-arch-immersive-landing-architecture;ex-int-motion-choreography;ex-vis-premium-aesthetic-language;ex-fnt-component-composition;aide-agent-workflow-sop;aide-autonomous-workflow;aide-master-roadmap,"Compose this multi-step activity in a curated workflow/pack. Existing workbench flows are adjacent composition examples, not proof this target-domain workflow exists.",TRIAGE_ONLY_NOT_CERTIFIED
immersive-web-compatibility,immersive-web,compatibility,medium,PROPOSED_RECONCILE,MISSING_HIGH_VALUE,ex-arch-immersive-landing-architecture;ex-int-motion-choreography;ex-vis-premium-aesthetic-language;ex-fnt-component-composition,No operation-specific match was found in the curated domain skill family; prioritize because the catalog marks it high risk or the domain is on the current software-product/release path.,TRIAGE_ONLY_NOT_CERTIFIED
immersive-web-error-handling,immersive-web,error-handling,medium,PROPOSED_RECONCILE,MISSING_HIGH_VALUE,ex-arch-immersive-landing-architecture;ex-int-motion-choreography;ex-vis-premium-aesthetic-language;ex-fnt-component-composition,No operation-specific match was found in the curated domain skill family; prioritize because the catalog marks it high risk or the domain is on the current software-product/release path.,TRIAGE_ONLY_NOT_CERTIFIED
immersive-web-edge-cases,immersive-web,edge-cases,medium,PROPOSED_RECONCILE,MISSING_HIGH_VALUE,ex-arch-immersive-landing-architecture;ex-int-motion-choreography;ex-vis-premium-aesthetic-language;ex-fnt-component-composition,No operation-specific match was found in the curated domain skill family; prioritize because the catalog marks it high risk or the domain is on the current software-product/release path.,TRIAGE_ONLY_NOT_CERTIFIED
immersive-web-security-review,immersive-web,security-review,high,PROPOSED_RECONCILE,SOP_GOVERNED,aide-security-hardening;aide-supply-chain-audit;developer-way,Govern this cross-cutting procedure once through the named SOP family; add domain-specific checks only where evidence requires them.,TRIAGE_ONLY_NOT_CERTIFIED
immersive-web-privacy-review,immersive-web,privacy-review,medium,PROPOSED_RECONCILE,SOP_GOVERNED,covert-context-control;aide-offline-agent-loop;aide-secrets-handling-protocol;developer-way,Govern this cross-cutting procedure once through the named SOP family; add domain-specific checks only where evidence requires them.,TRIAGE_ONLY_NOT_CERTIFIED
immersive-web-accessibility-review,immersive-web,accessibility-review,medium,PROPOSED_RECONCILE,PARTIALLY_SATISFIED,ex-arch-immersive-landing-architecture;ex-int-motion-choreography;ex-vis-premium-aesthetic-language,"Related domain skill text exists, but it lacks the supplied formal contract and coordinate-level routing/certification evidence.",TRIAGE_ONLY_NOT_CERTIFIED
immersive-web-performance-budget,immersive-web,performance-budget,medium,PROPOSED_RECONCILE,PARTIALLY_SATISFIED,ex-arch-immersive-landing-architecture;ex-int-motion-choreography;ex-fnt-component-composition,"Related domain skill text exists, but it lacks the supplied formal contract and coordinate-level routing/certification evidence.",TRIAGE_ONLY_NOT_CERTIFIED
immersive-web-performance-profile,immersive-web,performance-profile,medium,PROPOSED_RECONCILE,MISSING_HIGH_VALUE,ex-arch-immersive-landing-architecture;ex-int-motion-choreography;ex-vis-premium-aesthetic-language;ex-fnt-component-composition,No operation-specific match was found in the curated domain skill family; prioritize because the catalog marks it high risk or the domain is on the current software-product/release path.,TRIAGE_ONLY_NOT_CERTIFIED
immersive-web-unit-verification,immersive-web,unit-verification,medium,PROPOSED_RECONCILE,NOT_APPROPRIATE_AS_SKILL,aide-task-verification-battery;aide-veritas-layer;aide-pre-push-gate,This is a deterministic verification/evidence outcome; expose the gate in a workflow and record its result instead of relying on prompt instructions.,TRIAGE_ONLY_NOT_CERTIFIED
immersive-web-integration-verification,immersive-web,integration-verification,medium,PROPOSED_RECONCILE,NOT_APPROPRIATE_AS_SKILL,aide-task-verification-battery;aide-veritas-layer;aide-pre-push-gate,This is a deterministic verification/evidence outcome; expose the gate in a workflow and record its result instead of relying on prompt instructions.,TRIAGE_ONLY_NOT_CERTIFIED
immersive-web-e2e-verification,immersive-web,e2e-verification,medium,PROPOSED_RECONCILE,NOT_APPROPRIATE_AS_SKILL,aide-task-verification-battery;aide-veritas-layer;aide-pre-push-gate,This is a deterministic verification/evidence outcome; expose the gate in a workflow and record its result instead of relying on prompt instructions.,TRIAGE_ONLY_NOT_CERTIFIED
immersive-web-negative-testing,immersive-web,negative-testing,medium,PROPOSED_RECONCILE,MISSING_HIGH_VALUE,ex-arch-immersive-landing-architecture;ex-int-motion-choreography;ex-vis-premium-aesthetic-language;ex-fnt-component-composition,No operation-specific match was found in the curated domain skill family; prioritize because the catalog marks it high risk or the domain is on the current software-product/release path.,TRIAGE_ONLY_NOT_CERTIFIED
immersive-web-fault-injection,immersive-web,fault-injection,medium,PROPOSED_RECONCILE,MISSING_HIGH_VALUE,ex-arch-immersive-landing-architecture;ex-int-motion-choreography;ex-vis-premium-aesthetic-language;ex-fnt-component-composition,No operation-specific match was found in the curated domain skill family; prioritize because the catalog marks it high risk or the domain is on the current software-product/release path.,TRIAGE_ONLY_NOT_CERTIFIED
immersive-web-cross-platform-check,immersive-web,cross-platform-check,medium,PROPOSED_RECONCILE,WORKFLOW_COMPOSITION,ex-arch-immersive-landing-architecture;ex-int-motion-choreography;ex-vis-premium-aesthetic-language;ex-fnt-component-composition;aide-agent-workflow-sop;aide-autonomous-workflow;aide-master-roadmap,"Compose this multi-step activity in a curated workflow/pack. Existing workbench flows are adjacent composition examples, not proof this target-domain workflow exists.",TRIAGE_ONLY_NOT_CERTIFIED
immersive-web-offline-check,immersive-web,offline-check,medium,PROPOSED_RECONCILE,WORKFLOW_COMPOSITION,ex-arch-immersive-landing-architecture;ex-int-motion-choreography;ex-vis-premium-aesthetic-language;ex-fnt-component-composition;aide-agent-workflow-sop;aide-autonomous-workflow;aide-master-roadmap,"Compose this multi-step activity in a curated workflow/pack. Existing workbench flows are adjacent composition examples, not proof this target-domain workflow exists.",TRIAGE_ONLY_NOT_CERTIFIED
immersive-web-restart-recovery,immersive-web,restart-recovery,medium,PROPOSED_RECONCILE,WORKFLOW_COMPOSITION,ex-arch-immersive-landing-architecture;ex-int-motion-choreography;ex-vis-premium-aesthetic-language;ex-fnt-component-composition;aide-agent-workflow-sop;aide-autonomous-workflow;aide-master-roadmap,"Compose this multi-step activity in a curated workflow/pack. Existing workbench flows are adjacent composition examples, not proof this target-domain workflow exists.",TRIAGE_ONLY_NOT_CERTIFIED
immersive-web-observability,immersive-web,observability,medium,PROPOSED_RECONCILE,MISSING_HIGH_VALUE,ex-arch-immersive-landing-architecture;ex-int-motion-choreography;ex-vis-premium-aesthetic-language;ex-fnt-component-composition,No operation-specific match was found in the curated domain skill family; prioritize because the catalog marks it high risk or the domain is on the current software-product/release path.,TRIAGE_ONLY_NOT_CERTIFIED
immersive-web-logging-diagnostics,immersive-web,logging-diagnostics,medium,PROPOSED_RECONCILE,MISSING_HIGH_VALUE,ex-arch-immersive-landing-architecture;ex-int-motion-choreography;ex-vis-premium-aesthetic-language;ex-fnt-component-composition,No operation-specific match was found in the curated domain skill family; prioritize because the catalog marks it high risk or the domain is on the current software-product/release path.,TRIAGE_ONLY_NOT_CERTIFIED
immersive-web-documentation,immersive-web,documentation,medium,PROPOSED_RECONCILE,PARTIALLY_SATISFIED,ex-vis-premium-aesthetic-language;ex-fnt-component-composition,"Related domain skill text exists, but it lacks the supplied formal contract and coordinate-level routing/certification evidence.",TRIAGE_ONLY_NOT_CERTIFIED
immersive-web-operator-runbook,immersive-web,operator-runbook,medium,PROPOSED_RECONCILE,SOP_GOVERNED,agent-notes;aide-aide-stack-launch-and-recover;developer-way,Govern this cross-cutting procedure once through the named SOP family; add domain-specific checks only where evidence requires them.,TRIAGE_ONLY_NOT_CERTIFIED
immersive-web-code-review,immersive-web,code-review,medium,PROPOSED_RECONCILE,SOP_GOVERNED,aide-release-engineering;aide-arch-test-fixes;aide-pre-push-gate;developer-way,Govern this cross-cutting procedure once through the named SOP family; add domain-specific checks only where evidence requires them.,TRIAGE_ONLY_NOT_CERTIFIED
immersive-web-regression-analysis,immersive-web,regression-analysis,medium,PROPOSED_RECONCILE,SOP_GOVERNED,aide-arch-test-fixes;aide-task-verification-battery;developer-way,Govern this cross-cutting procedure once through the named SOP family; add domain-specific checks only where evidence requires them.,TRIAGE_ONLY_NOT_CERTIFIED
immersive-web-root-cause-repair,immersive-web,root-cause-repair,medium,PROPOSED_RECONCILE,SOP_GOVERNED,aide-debugging-discipline;aide-unified-diff-repair;ask-dont-circle;developer-way,Govern this cross-cutting procedure once through the named SOP family; add domain-specific checks only where evidence requires them.,TRIAGE_ONLY_NOT_CERTIFIED
immersive-web-dependency-audit,immersive-web,dependency-audit,medium,PROPOSED_RECONCILE,SOP_GOVERNED,aide-supply-chain-audit;aide-arch-packaging-release;aide-ci-diagnostics,Govern this cross-cutting procedure once through the named SOP family; add domain-specific checks only where evidence requires them.,TRIAGE_ONLY_NOT_CERTIFIED
immersive-web-release-readiness,immersive-web,release-readiness,high,PROPOSED_RECONCILE,WORKFLOW_COMPOSITION,ex-arch-immersive-landing-architecture;ex-int-motion-choreography;ex-vis-premium-aesthetic-language;ex-fnt-component-composition;aide-agent-workflow-sop;aide-autonomous-workflow;aide-master-roadmap,"Compose this multi-step activity in a curated workflow/pack. Existing workbench flows are adjacent composition examples, not proof this target-domain workflow exists.",TRIAGE_ONLY_NOT_CERTIFIED
immersive-web-evidence-capture,immersive-web,evidence-capture,medium,PROPOSED_RECONCILE,NOT_APPROPRIATE_AS_SKILL,aide-task-verification-battery;aide-veritas-layer;aide-pre-push-gate,This is a deterministic verification/evidence outcome; expose the gate in a workflow and record its result instead of relying on prompt instructions.,TRIAGE_ONLY_NOT_CERTIFIED
immersive-web-post-acceptance-monitoring,immersive-web,post-acceptance-monitoring,medium,PROPOSED_RECONCILE,WORKFLOW_COMPOSITION,ex-arch-immersive-landing-architecture;ex-int-motion-choreography;ex-vis-premium-aesthetic-language;ex-fnt-component-composition;aide-agent-workflow-sop;aide-autonomous-workflow;aide-master-roadmap,"Compose this multi-step activity in a curated workflow/pack. Existing workbench flows are adjacent composition examples, not proof this target-domain workflow exists.",TRIAGE_ONLY_NOT_CERTIFIED
immersive-web-maintenance-upgrade,immersive-web,maintenance-upgrade,medium,PROPOSED_RECONCILE,WORKFLOW_COMPOSITION,ex-arch-immersive-landing-architecture;ex-int-motion-choreography;ex-vis-premium-aesthetic-language;ex-fnt-component-composition;aide-agent-workflow-sop;aide-autonomous-workflow;aide-master-roadmap,"Compose this multi-step activity in a curated workflow/pack. Existing workbench flows are adjacent composition examples, not proof this target-domain workflow exists.",TRIAGE_ONLY_NOT_CERTIFIED
backend-requirements-discovery,backend,requirements-discovery,medium,PROPOSED_RECONCILE,WORKFLOW_COMPOSITION,aide-arch-backend-core;aide-route-slice-sop;aide-arch-wiring;aide-typescript-strict-pass;aide-agent-workflow-sop;aide-autonomous-workflow;aide-master-roadmap,"Compose this multi-step activity in a curated workflow/pack. Existing workbench flows are adjacent composition examples, not proof this target-domain workflow exists.",TRIAGE_ONLY_NOT_CERTIFIED
backend-environment-inspection,backend,environment-inspection,medium,PROPOSED_RECONCILE,WORKFLOW_COMPOSITION,aide-arch-backend-core;aide-route-slice-sop;aide-arch-wiring;aide-typescript-strict-pass;aide-agent-workflow-sop;aide-autonomous-workflow;aide-master-roadmap,"Compose this multi-step activity in a curated workflow/pack. Existing workbench flows are adjacent composition examples, not proof this target-domain workflow exists.",TRIAGE_ONLY_NOT_CERTIFIED
backend-reference-research,backend,reference-research,medium,PROPOSED_RECONCILE,WORKFLOW_COMPOSITION,aide-arch-backend-core;aide-route-slice-sop;aide-arch-wiring;aide-typescript-strict-pass;aide-agent-workflow-sop;aide-autonomous-workflow;aide-master-roadmap,"Compose this multi-step activity in a curated workflow/pack. Existing workbench flows are adjacent composition examples, not proof this target-domain workflow exists.",TRIAGE_ONLY_NOT_CERTIFIED
backend-architecture-plan,backend,architecture-plan,medium,PROPOSED_RECONCILE,WORKFLOW_COMPOSITION,aide-arch-backend-core;aide-route-slice-sop;aide-arch-wiring;aide-typescript-strict-pass;aide-agent-workflow-sop;aide-autonomous-workflow;aide-master-roadmap,"Compose this multi-step activity in a curated workflow/pack. Existing workbench flows are adjacent composition examples, not proof this target-domain workflow exists.",TRIAGE_ONLY_NOT_CERTIFIED
backend-interface-contract,backend,interface-contract,medium,PROPOSED_RECONCILE,PARTIALLY_SATISFIED,aide-route-slice-sop;aide-arch-wiring;aide-typescript-strict-pass,"Related domain skill text exists, but it lacks the supplied formal contract and coordinate-level routing/certification evidence.",TRIAGE_ONLY_NOT_CERTIFIED
backend-data-contract,backend,data-contract,medium,PROPOSED_RECONCILE,PARTIALLY_SATISFIED,aide-arch-wiring,"Related domain skill text exists, but it lacks the supplied formal contract and coordinate-level routing/certification evidence.",TRIAGE_ONLY_NOT_CERTIFIED
backend-implementation-plan,backend,implementation-plan,medium,PROPOSED_RECONCILE,WORKFLOW_COMPOSITION,aide-arch-backend-core;aide-route-slice-sop;aide-arch-wiring;aide-typescript-strict-pass;aide-agent-workflow-sop;aide-autonomous-workflow;aide-master-roadmap,"Compose this multi-step activity in a curated workflow/pack. Existing workbench flows are adjacent composition examples, not proof this target-domain workflow exists.",TRIAGE_ONLY_NOT_CERTIFIED
backend-prototype,backend,prototype,medium,PROPOSED_RECONCILE,WORKFLOW_COMPOSITION,aide-arch-backend-core;aide-route-slice-sop;aide-arch-wiring;aide-typescript-strict-pass;aide-agent-workflow-sop;aide-autonomous-workflow;aide-master-roadmap,"Compose this multi-step activity in a curated workflow/pack. Existing workbench flows are adjacent composition examples, not proof this target-domain workflow exists.",TRIAGE_ONLY_NOT_CERTIFIED
backend-implementation,backend,implementation,medium,PROPOSED_RECONCILE,WORKFLOW_COMPOSITION,aide-arch-backend-core;aide-route-slice-sop;aide-arch-wiring;aide-typescript-strict-pass;aide-agent-workflow-sop;aide-autonomous-workflow;aide-master-roadmap,"Compose this multi-step activity in a curated workflow/pack. Existing workbench flows are adjacent composition examples, not proof this target-domain workflow exists.",TRIAGE_ONLY_NOT_CERTIFIED
backend-integration,backend,integration,medium,PROPOSED_RECONCILE,WORKFLOW_COMPOSITION,aide-arch-backend-core;aide-route-slice-sop;aide-arch-wiring;aide-typescript-strict-pass;aide-agent-workflow-sop;aide-autonomous-workflow;aide-master-roadmap,"Compose this multi-step activity in a curated workflow/pack. Existing workbench flows are adjacent composition examples, not proof this target-domain workflow exists.",TRIAGE_ONLY_NOT_CERTIFIED
backend-configuration,backend,configuration,medium,PROPOSED_RECONCILE,WORKFLOW_COMPOSITION,aide-arch-backend-core;aide-route-slice-sop;aide-arch-wiring;aide-typescript-strict-pass;aide-agent-workflow-sop;aide-autonomous-workflow;aide-master-roadmap,"Compose this multi-step activity in a curated workflow/pack. Existing workbench flows are adjacent composition examples, not proof this target-domain workflow exists.",TRIAGE_ONLY_NOT_CERTIFIED
backend-migration,backend,migration,medium,PROPOSED_RECONCILE,WORKFLOW_COMPOSITION,aide-arch-backend-core;aide-route-slice-sop;aide-arch-wiring;aide-typescript-strict-pass;aide-agent-workflow-sop;aide-autonomous-workflow;aide-master-roadmap,"Compose this multi-step activity in a curated workflow/pack. Existing workbench flows are adjacent composition examples, not proof this target-domain workflow exists.",TRIAGE_ONLY_NOT_CERTIFIED
backend-compatibility,backend,compatibility,medium,PROPOSED_RECONCILE,PARTIALLY_SATISFIED,aide-route-slice-sop;aide-typescript-strict-pass,"Related domain skill text exists, but it lacks the supplied formal contract and coordinate-level routing/certification evidence.",TRIAGE_ONLY_NOT_CERTIFIED
backend-error-handling,backend,error-handling,medium,PROPOSED_RECONCILE,PARTIALLY_SATISFIED,aide-arch-backend-core;aide-arch-wiring;aide-typescript-strict-pass,"Related domain skill text exists, but it lacks the supplied formal contract and coordinate-level routing/certification evidence.",TRIAGE_ONLY_NOT_CERTIFIED
backend-edge-cases,backend,edge-cases,medium,PROPOSED_RECONCILE,PARTIALLY_SATISFIED,aide-route-slice-sop,"Related domain skill text exists, but it lacks the supplied formal contract and coordinate-level routing/certification evidence.",TRIAGE_ONLY_NOT_CERTIFIED
backend-security-review,backend,security-review,high,PROPOSED_RECONCILE,SOP_GOVERNED,aide-security-hardening;aide-supply-chain-audit;developer-way,Govern this cross-cutting procedure once through the named SOP family; add domain-specific checks only where evidence requires them.,TRIAGE_ONLY_NOT_CERTIFIED
backend-privacy-review,backend,privacy-review,medium,PROPOSED_RECONCILE,SOP_GOVERNED,covert-context-control;aide-offline-agent-loop;aide-secrets-handling-protocol;developer-way,Govern this cross-cutting procedure once through the named SOP family; add domain-specific checks only where evidence requires them.,TRIAGE_ONLY_NOT_CERTIFIED
backend-accessibility-review,backend,accessibility-review,medium,PROPOSED_RECONCILE,MISSING_HIGH_VALUE,aide-arch-backend-core;aide-route-slice-sop;aide-arch-wiring;aide-typescript-strict-pass,No operation-specific match was found in the curated domain skill family; prioritize because the catalog marks it high risk or the domain is on the current software-product/release path.,TRIAGE_ONLY_NOT_CERTIFIED
backend-performance-budget,backend,performance-budget,medium,PROPOSED_RECONCILE,MISSING_HIGH_VALUE,aide-arch-backend-core;aide-route-slice-sop;aide-arch-wiring;aide-typescript-strict-pass,No operation-specific match was found in the curated domain skill family; prioritize because the catalog marks it high risk or the domain is on the current software-product/release path.,TRIAGE_ONLY_NOT_CERTIFIED
backend-performance-profile,backend,performance-profile,medium,PROPOSED_RECONCILE,MISSING_HIGH_VALUE,aide-arch-backend-core;aide-route-slice-sop;aide-arch-wiring;aide-typescript-strict-pass,No operation-specific match was found in the curated domain skill family; prioritize because the catalog marks it high risk or the domain is on the current software-product/release path.,TRIAGE_ONLY_NOT_CERTIFIED
backend-unit-verification,backend,unit-verification,medium,PROPOSED_RECONCILE,NOT_APPROPRIATE_AS_SKILL,aide-task-verification-battery;aide-veritas-layer;aide-pre-push-gate,This is a deterministic verification/evidence outcome; expose the gate in a workflow and record its result instead of relying on prompt instructions.,TRIAGE_ONLY_NOT_CERTIFIED
backend-integration-verification,backend,integration-verification,medium,PROPOSED_RECONCILE,NOT_APPROPRIATE_AS_SKILL,aide-task-verification-battery;aide-veritas-layer;aide-pre-push-gate,This is a deterministic verification/evidence outcome; expose the gate in a workflow and record its result instead of relying on prompt instructions.,TRIAGE_ONLY_NOT_CERTIFIED
backend-e2e-verification,backend,e2e-verification,medium,PROPOSED_RECONCILE,NOT_APPROPRIATE_AS_SKILL,aide-task-verification-battery;aide-veritas-layer;aide-pre-push-gate,This is a deterministic verification/evidence outcome; expose the gate in a workflow and record its result instead of relying on prompt instructions.,TRIAGE_ONLY_NOT_CERTIFIED
backend-negative-testing,backend,negative-testing,medium,PROPOSED_RECONCILE,PARTIALLY_SATISFIED,aide-arch-backend-core;aide-arch-wiring,"Related domain skill text exists, but it lacks the supplied formal contract and coordinate-level routing/certification evidence.",TRIAGE_ONLY_NOT_CERTIFIED
backend-fault-injection,backend,fault-injection,medium,PROPOSED_RECONCILE,MISSING_HIGH_VALUE,aide-arch-backend-core;aide-route-slice-sop;aide-arch-wiring;aide-typescript-strict-pass,No operation-specific match was found in the curated domain skill family; prioritize because the catalog marks it high risk or the domain is on the current software-product/release path.,TRIAGE_ONLY_NOT_CERTIFIED
backend-cross-platform-check,backend,cross-platform-check,medium,PROPOSED_RECONCILE,WORKFLOW_COMPOSITION,aide-arch-backend-core;aide-route-slice-sop;aide-arch-wiring;aide-typescript-strict-pass;aide-agent-workflow-sop;aide-autonomous-workflow;aide-master-roadmap,"Compose this multi-step activity in a curated workflow/pack. Existing workbench flows are adjacent composition examples, not proof this target-domain workflow exists.",TRIAGE_ONLY_NOT_CERTIFIED
backend-offline-check,backend,offline-check,medium,PROPOSED_RECONCILE,WORKFLOW_COMPOSITION,aide-arch-backend-core;aide-route-slice-sop;aide-arch-wiring;aide-typescript-strict-pass;aide-agent-workflow-sop;aide-autonomous-workflow;aide-master-roadmap,"Compose this multi-step activity in a curated workflow/pack. Existing workbench flows are adjacent composition examples, not proof this target-domain workflow exists.",TRIAGE_ONLY_NOT_CERTIFIED
backend-restart-recovery,backend,restart-recovery,medium,PROPOSED_RECONCILE,WORKFLOW_COMPOSITION,aide-arch-backend-core;aide-route-slice-sop;aide-arch-wiring;aide-typescript-strict-pass;aide-agent-workflow-sop;aide-autonomous-workflow;aide-master-roadmap,"Compose this multi-step activity in a curated workflow/pack. Existing workbench flows are adjacent composition examples, not proof this target-domain workflow exists.",TRIAGE_ONLY_NOT_CERTIFIED
backend-observability,backend,observability,medium,PROPOSED_RECONCILE,MISSING_HIGH_VALUE,aide-arch-backend-core;aide-route-slice-sop;aide-arch-wiring;aide-typescript-strict-pass,No operation-specific match was found in the curated domain skill family; prioritize because the catalog marks it high risk or the domain is on the current software-product/release path.,TRIAGE_ONLY_NOT_CERTIFIED
backend-logging-diagnostics,backend,logging-diagnostics,medium,PROPOSED_RECONCILE,PARTIALLY_SATISFIED,aide-arch-backend-core;aide-route-slice-sop;aide-arch-wiring,"Related domain skill text exists, but it lacks the supplied formal contract and coordinate-level routing/certification evidence.",TRIAGE_ONLY_NOT_CERTIFIED
backend-documentation,backend,documentation,medium,PROPOSED_RECONCILE,PARTIALLY_SATISFIED,aide-arch-wiring,"Related domain skill text exists, but it lacks the supplied formal contract and coordinate-level routing/certification evidence.",TRIAGE_ONLY_NOT_CERTIFIED
backend-operator-runbook,backend,operator-runbook,medium,PROPOSED_RECONCILE,SOP_GOVERNED,agent-notes;aide-aide-stack-launch-and-recover;developer-way,Govern this cross-cutting procedure once through the named SOP family; add domain-specific checks only where evidence requires them.,TRIAGE_ONLY_NOT_CERTIFIED
backend-code-review,backend,code-review,medium,PROPOSED_RECONCILE,SOP_GOVERNED,aide-release-engineering;aide-arch-test-fixes;aide-pre-push-gate;developer-way,Govern this cross-cutting procedure once through the named SOP family; add domain-specific checks only where evidence requires them.,TRIAGE_ONLY_NOT_CERTIFIED
backend-regression-analysis,backend,regression-analysis,medium,PROPOSED_RECONCILE,SOP_GOVERNED,aide-arch-test-fixes;aide-task-verification-battery;developer-way,Govern this cross-cutting procedure once through the named SOP family; add domain-specific checks only where evidence requires them.,TRIAGE_ONLY_NOT_CERTIFIED
backend-root-cause-repair,backend,root-cause-repair,medium,PROPOSED_RECONCILE,SOP_GOVERNED,aide-debugging-discipline;aide-unified-diff-repair;ask-dont-circle;developer-way,Govern this cross-cutting procedure once through the named SOP family; add domain-specific checks only where evidence requires them.,TRIAGE_ONLY_NOT_CERTIFIED
backend-dependency-audit,backend,dependency-audit,medium,PROPOSED_RECONCILE,SOP_GOVERNED,aide-supply-chain-audit;aide-arch-packaging-release;aide-ci-diagnostics,Govern this cross-cutting procedure once through the named SOP family; add domain-specific checks only where evidence requires them.,TRIAGE_ONLY_NOT_CERTIFIED
backend-release-readiness,backend,release-readiness,high,PROPOSED_RECONCILE,WORKFLOW_COMPOSITION,aide-arch-backend-core;aide-route-slice-sop;aide-arch-wiring;aide-typescript-strict-pass;aide-agent-workflow-sop;aide-autonomous-workflow;aide-master-roadmap,"Compose this multi-step activity in a curated workflow/pack. Existing workbench flows are adjacent composition examples, not proof this target-domain workflow exists.",TRIAGE_ONLY_NOT_CERTIFIED
backend-evidence-capture,backend,evidence-capture,medium,PROPOSED_RECONCILE,NOT_APPROPRIATE_AS_SKILL,aide-task-verification-battery;aide-veritas-layer;aide-pre-push-gate,This is a deterministic verification/evidence outcome; expose the gate in a workflow and record its result instead of relying on prompt instructions.,TRIAGE_ONLY_NOT_CERTIFIED
backend-post-acceptance-monitoring,backend,post-acceptance-monitoring,medium,PROPOSED_RECONCILE,WORKFLOW_COMPOSITION,aide-arch-backend-core;aide-route-slice-sop;aide-arch-wiring;aide-typescript-strict-pass;aide-agent-workflow-sop;aide-autonomous-workflow;aide-master-roadmap,"Compose this multi-step activity in a curated workflow/pack. Existing workbench flows are adjacent composition examples, not proof this target-domain workflow exists.",TRIAGE_ONLY_NOT_CERTIFIED
backend-maintenance-upgrade,backend,maintenance-upgrade,medium,PROPOSED_RECONCILE,WORKFLOW_COMPOSITION,aide-arch-backend-core;aide-route-slice-sop;aide-arch-wiring;aide-typescript-strict-pass;aide-agent-workflow-sop;aide-autonomous-workflow;aide-master-roadmap,"Compose this multi-step activity in a curated workflow/pack. Existing workbench flows are adjacent composition examples, not proof this target-domain workflow exists.",TRIAGE_ONLY_NOT_CERTIFIED
debugging-requirements-discovery,debugging,requirements-discovery,medium,PROPOSED_RECONCILE,WORKFLOW_COMPOSITION,aide-debugging-discipline;aide-unified-diff-repair;aide-acceptance-test-repair;aide-arch-test-fixes;aide-agent-workflow-sop;aide-autonomous-workflow;aide-master-roadmap,"Compose this multi-step activity in a curated workflow/pack. Existing workbench flows are adjacent composition examples, not proof this target-domain workflow exists.",TRIAGE_ONLY_NOT_CERTIFIED
debugging-environment-inspection,debugging,environment-inspection,medium,PROPOSED_RECONCILE,WORKFLOW_COMPOSITION,aide-debugging-discipline;aide-unified-diff-repair;aide-acceptance-test-repair;aide-arch-test-fixes;aide-agent-workflow-sop;aide-autonomous-workflow;aide-master-roadmap,"Compose this multi-step activity in a curated workflow/pack. Existing workbench flows are adjacent composition examples, not proof this target-domain workflow exists.",TRIAGE_ONLY_NOT_CERTIFIED
debugging-reference-research,debugging,reference-research,medium,PROPOSED_RECONCILE,WORKFLOW_COMPOSITION,aide-debugging-discipline;aide-unified-diff-repair;aide-acceptance-test-repair;aide-arch-test-fixes;aide-agent-workflow-sop;aide-autonomous-workflow;aide-master-roadmap,"Compose this multi-step activity in a curated workflow/pack. Existing workbench flows are adjacent composition examples, not proof this target-domain workflow exists.",TRIAGE_ONLY_NOT_CERTIFIED
debugging-architecture-plan,debugging,architecture-plan,medium,PROPOSED_RECONCILE,WORKFLOW_COMPOSITION,aide-debugging-discipline;aide-unified-diff-repair;aide-acceptance-test-repair;aide-arch-test-fixes;aide-agent-workflow-sop;aide-autonomous-workflow;aide-master-roadmap,"Compose this multi-step activity in a curated workflow/pack. Existing workbench flows are adjacent composition examples, not proof this target-domain workflow exists.",TRIAGE_ONLY_NOT_CERTIFIED
debugging-interface-contract,debugging,interface-contract,medium,PROPOSED_RECONCILE,PARTIALLY_SATISFIED,aide-debugging-discipline,"Related domain skill text exists, but it lacks the supplied formal contract and coordinate-level routing/certification evidence.",TRIAGE_ONLY_NOT_CERTIFIED
debugging-data-contract,debugging,data-contract,medium,PROPOSED_RECONCILE,MISSING_HIGH_VALUE,aide-debugging-discipline;aide-unified-diff-repair;aide-acceptance-test-repair;aide-arch-test-fixes,No operation-specific match was found in the curated domain skill family; prioritize because the catalog marks it high risk or the domain is on the current software-product/release path.,TRIAGE_ONLY_NOT_CERTIFIED
debugging-implementation-plan,debugging,implementation-plan,medium,PROPOSED_RECONCILE,WORKFLOW_COMPOSITION,aide-debugging-discipline;aide-unified-diff-repair;aide-acceptance-test-repair;aide-arch-test-fixes;aide-agent-workflow-sop;aide-autonomous-workflow;aide-master-roadmap,"Compose this multi-step activity in a curated workflow/pack. Existing workbench flows are adjacent composition examples, not proof this target-domain workflow exists.",TRIAGE_ONLY_NOT_CERTIFIED
debugging-prototype,debugging,prototype,medium,PROPOSED_RECONCILE,WORKFLOW_COMPOSITION,aide-debugging-discipline;aide-unified-diff-repair;aide-acceptance-test-repair;aide-arch-test-fixes;aide-agent-workflow-sop;aide-autonomous-workflow;aide-master-roadmap,"Compose this multi-step activity in a curated workflow/pack. Existing workbench flows are adjacent composition examples, not proof this target-domain workflow exists.",TRIAGE_ONLY_NOT_CERTIFIED
debugging-implementation,debugging,implementation,medium,PROPOSED_RECONCILE,WORKFLOW_COMPOSITION,aide-debugging-discipline;aide-unified-diff-repair;aide-acceptance-test-repair;aide-arch-test-fixes;aide-agent-workflow-sop;aide-autonomous-workflow;aide-master-roadmap,"Compose this multi-step activity in a curated workflow/pack. Existing workbench flows are adjacent composition examples, not proof this target-domain workflow exists.",TRIAGE_ONLY_NOT_CERTIFIED
debugging-integration,debugging,integration,medium,PROPOSED_RECONCILE,WORKFLOW_COMPOSITION,aide-debugging-discipline;aide-unified-diff-repair;aide-acceptance-test-repair;aide-arch-test-fixes;aide-agent-workflow-sop;aide-autonomous-workflow;aide-master-roadmap,"Compose this multi-step activity in a curated workflow/pack. Existing workbench flows are adjacent composition examples, not proof this target-domain workflow exists.",TRIAGE_ONLY_NOT_CERTIFIED
debugging-configuration,debugging,configuration,medium,PROPOSED_RECONCILE,WORKFLOW_COMPOSITION,aide-debugging-discipline;aide-unified-diff-repair;aide-acceptance-test-repair;aide-arch-test-fixes;aide-agent-workflow-sop;aide-autonomous-workflow;aide-master-roadmap,"Compose this multi-step activity in a curated workflow/pack. Existing workbench flows are adjacent composition examples, not proof this target-domain workflow exists.",TRIAGE_ONLY_NOT_CERTIFIED
debugging-migration,debugging,migration,medium,PROPOSED_RECONCILE,WORKFLOW_COMPOSITION,aide-debugging-discipline;aide-unified-diff-repair;aide-acceptance-test-repair;aide-arch-test-fixes;aide-agent-workflow-sop;aide-autonomous-workflow;aide-master-roadmap,"Compose this multi-step activity in a curated workflow/pack. Existing workbench flows are adjacent composition examples, not proof this target-domain workflow exists.",TRIAGE_ONLY_NOT_CERTIFIED
debugging-compatibility,debugging,compatibility,medium,PROPOSED_RECONCILE,PARTIALLY_SATISFIED,aide-debugging-discipline,"Related domain skill text exists, but it lacks the supplied formal contract and coordinate-level routing/certification evidence.",TRIAGE_ONLY_NOT_CERTIFIED
debugging-error-handling,debugging,error-handling,medium,PROPOSED_RECONCILE,PARTIALLY_SATISFIED,aide-arch-test-fixes,"Related domain skill text exists, but it lacks the supplied formal contract and coordinate-level routing/certification evidence.",TRIAGE_ONLY_NOT_CERTIFIED
debugging-edge-cases,debugging,edge-cases,medium,PROPOSED_RECONCILE,PARTIALLY_SATISFIED,aide-unified-diff-repair,"Related domain skill text exists, but it lacks the supplied formal contract and coordinate-level routing/certification evidence.",TRIAGE_ONLY_NOT_CERTIFIED
debugging-security-review,debugging,security-review,high,PROPOSED_RECONCILE,SOP_GOVERNED,aide-security-hardening;aide-supply-chain-audit;developer-way,Govern this cross-cutting procedure once through the named SOP family; add domain-specific checks only where evidence requires them.,TRIAGE_ONLY_NOT_CERTIFIED
debugging-privacy-review,debugging,privacy-review,medium,PROPOSED_RECONCILE,SOP_GOVERNED,covert-context-control;aide-offline-agent-loop;aide-secrets-handling-protocol;developer-way,Govern this cross-cutting procedure once through the named SOP family; add domain-specific checks only where evidence requires them.,TRIAGE_ONLY_NOT_CERTIFIED
debugging-accessibility-review,debugging,accessibility-review,medium,PROPOSED_RECONCILE,MISSING_HIGH_VALUE,aide-debugging-discipline;aide-unified-diff-repair;aide-acceptance-test-repair;aide-arch-test-fixes,No operation-specific match was found in the curated domain skill family; prioritize because the catalog marks it high risk or the domain is on the current software-product/release path.,TRIAGE_ONLY_NOT_CERTIFIED
debugging-performance-budget,debugging,performance-budget,medium,PROPOSED_RECONCILE,MISSING_HIGH_VALUE,aide-debugging-discipline;aide-unified-diff-repair;aide-acceptance-test-repair;aide-arch-test-fixes,No operation-specific match was found in the curated domain skill family; prioritize because the catalog marks it high risk or the domain is on the current software-product/release path.,TRIAGE_ONLY_NOT_CERTIFIED
debugging-performance-profile,debugging,performance-profile,medium,PROPOSED_RECONCILE,MISSING_HIGH_VALUE,aide-debugging-discipline;aide-unified-diff-repair;aide-acceptance-test-repair;aide-arch-test-fixes,No operation-specific match was found in the curated domain skill family; prioritize because the catalog marks it high risk or the domain is on the current software-product/release path.,TRIAGE_ONLY_NOT_CERTIFIED
debugging-unit-verification,debugging,unit-verification,medium,PROPOSED_RECONCILE,NOT_APPROPRIATE_AS_SKILL,aide-task-verification-battery;aide-veritas-layer;aide-pre-push-gate,This is a deterministic verification/evidence outcome; expose the gate in a workflow and record its result instead of relying on prompt instructions.,TRIAGE_ONLY_NOT_CERTIFIED
debugging-integration-verification,debugging,integration-verification,medium,PROPOSED_RECONCILE,NOT_APPROPRIATE_AS_SKILL,aide-task-verification-battery;aide-veritas-layer;aide-pre-push-gate,This is a deterministic verification/evidence outcome; expose the gate in a workflow and record its result instead of relying on prompt instructions.,TRIAGE_ONLY_NOT_CERTIFIED
debugging-e2e-verification,debugging,e2e-verification,medium,PROPOSED_RECONCILE,NOT_APPROPRIATE_AS_SKILL,aide-task-verification-battery;aide-veritas-layer;aide-pre-push-gate,This is a deterministic verification/evidence outcome; expose the gate in a workflow and record its result instead of relying on prompt instructions.,TRIAGE_ONLY_NOT_CERTIFIED
debugging-negative-testing,debugging,negative-testing,medium,PROPOSED_RECONCILE,MISSING_HIGH_VALUE,aide-debugging-discipline;aide-unified-diff-repair;aide-acceptance-test-repair;aide-arch-test-fixes,No operation-specific match was found in the curated domain skill family; prioritize because the catalog marks it high risk or the domain is on the current software-product/release path.,TRIAGE_ONLY_NOT_CERTIFIED
debugging-fault-injection,debugging,fault-injection,medium,PROPOSED_RECONCILE,MISSING_HIGH_VALUE,aide-debugging-discipline;aide-unified-diff-repair;aide-acceptance-test-repair;aide-arch-test-fixes,No operation-specific match was found in the curated domain skill family; prioritize because the catalog marks it high risk or the domain is on the current software-product/release path.,TRIAGE_ONLY_NOT_CERTIFIED
debugging-cross-platform-check,debugging,cross-platform-check,medium,PROPOSED_RECONCILE,WORKFLOW_COMPOSITION,aide-debugging-discipline;aide-unified-diff-repair;aide-acceptance-test-repair;aide-arch-test-fixes;aide-agent-workflow-sop;aide-autonomous-workflow;aide-master-roadmap,"Compose this multi-step activity in a curated workflow/pack. Existing workbench flows are adjacent composition examples, not proof this target-domain workflow exists.",TRIAGE_ONLY_NOT_CERTIFIED
debugging-offline-check,debugging,offline-check,medium,PROPOSED_RECONCILE,WORKFLOW_COMPOSITION,aide-debugging-discipline;aide-unified-diff-repair;aide-acceptance-test-repair;aide-arch-test-fixes;aide-agent-workflow-sop;aide-autonomous-workflow;aide-master-roadmap,"Compose this multi-step activity in a curated workflow/pack. Existing workbench flows are adjacent composition examples, not proof this target-domain workflow exists.",TRIAGE_ONLY_NOT_CERTIFIED
debugging-restart-recovery,debugging,restart-recovery,medium,PROPOSED_RECONCILE,WORKFLOW_COMPOSITION,aide-debugging-discipline;aide-unified-diff-repair;aide-acceptance-test-repair;aide-arch-test-fixes;aide-agent-workflow-sop;aide-autonomous-workflow;aide-master-roadmap,"Compose this multi-step activity in a curated workflow/pack. Existing workbench flows are adjacent composition examples, not proof this target-domain workflow exists.",TRIAGE_ONLY_NOT_CERTIFIED
debugging-observability,debugging,observability,medium,PROPOSED_RECONCILE,PARTIALLY_SATISFIED,aide-debugging-discipline;aide-unified-diff-repair,"Related domain skill text exists, but it lacks the supplied formal contract and coordinate-level routing/certification evidence.",TRIAGE_ONLY_NOT_CERTIFIED
debugging-logging-diagnostics,debugging,logging-diagnostics,medium,PROPOSED_RECONCILE,PARTIALLY_SATISFIED,aide-debugging-discipline,"Related domain skill text exists, but it lacks the supplied formal contract and coordinate-level routing/certification evidence.",TRIAGE_ONLY_NOT_CERTIFIED
debugging-documentation,debugging,documentation,medium,PROPOSED_RECONCILE,PARTIALLY_SATISFIED,aide-unified-diff-repair,"Related domain skill text exists, but it lacks the supplied formal contract and coordinate-level routing/certification evidence.",TRIAGE_ONLY_NOT_CERTIFIED
debugging-operator-runbook,debugging,operator-runbook,medium,PROPOSED_RECONCILE,SOP_GOVERNED,agent-notes;aide-aide-stack-launch-and-recover;developer-way,Govern this cross-cutting procedure once through the named SOP family; add domain-specific checks only where evidence requires them.,TRIAGE_ONLY_NOT_CERTIFIED
debugging-code-review,debugging,code-review,medium,PROPOSED_RECONCILE,SOP_GOVERNED,aide-release-engineering;aide-arch-test-fixes;aide-pre-push-gate;developer-way,Govern this cross-cutting procedure once through the named SOP family; add domain-specific checks only where evidence requires them.,TRIAGE_ONLY_NOT_CERTIFIED
debugging-regression-analysis,debugging,regression-analysis,medium,PROPOSED_RECONCILE,SOP_GOVERNED,aide-arch-test-fixes;aide-task-verification-battery;developer-way,Govern this cross-cutting procedure once through the named SOP family; add domain-specific checks only where evidence requires them.,TRIAGE_ONLY_NOT_CERTIFIED
debugging-root-cause-repair,debugging,root-cause-repair,medium,PROPOSED_RECONCILE,SOP_GOVERNED,aide-debugging-discipline;aide-unified-diff-repair;ask-dont-circle;developer-way,Govern this cross-cutting procedure once through the named SOP family; add domain-specific checks only where evidence requires them.,TRIAGE_ONLY_NOT_CERTIFIED
debugging-dependency-audit,debugging,dependency-audit,medium,PROPOSED_RECONCILE,SOP_GOVERNED,aide-supply-chain-audit;aide-arch-packaging-release;aide-ci-diagnostics,Govern this cross-cutting procedure once through the named SOP family; add domain-specific checks only where evidence requires them.,TRIAGE_ONLY_NOT_CERTIFIED
debugging-release-readiness,debugging,release-readiness,high,PROPOSED_RECONCILE,WORKFLOW_COMPOSITION,aide-debugging-discipline;aide-unified-diff-repair;aide-acceptance-test-repair;aide-arch-test-fixes;aide-agent-workflow-sop;aide-autonomous-workflow;aide-master-roadmap,"Compose this multi-step activity in a curated workflow/pack. Existing workbench flows are adjacent composition examples, not proof this target-domain workflow exists.",TRIAGE_ONLY_NOT_CERTIFIED
debugging-evidence-capture,debugging,evidence-capture,medium,PROPOSED_RECONCILE,NOT_APPROPRIATE_AS_SKILL,aide-task-verification-battery;aide-veritas-layer;aide-pre-push-gate,This is a deterministic verification/evidence outcome; expose the gate in a workflow and record its result instead of relying on prompt instructions.,TRIAGE_ONLY_NOT_CERTIFIED
debugging-post-acceptance-monitoring,debugging,post-acceptance-monitoring,medium,PROPOSED_RECONCILE,WORKFLOW_COMPOSITION,aide-debugging-discipline;aide-unified-diff-repair;aide-acceptance-test-repair;aide-arch-test-fixes;aide-agent-workflow-sop;aide-autonomous-workflow;aide-master-roadmap,"Compose this multi-step activity in a curated workflow/pack. Existing workbench flows are adjacent composition examples, not proof this target-domain workflow exists.",TRIAGE_ONLY_NOT_CERTIFIED
debugging-maintenance-upgrade,debugging,maintenance-upgrade,medium,PROPOSED_RECONCILE,WORKFLOW_COMPOSITION,aide-debugging-discipline;aide-unified-diff-repair;aide-acceptance-test-repair;aide-arch-test-fixes;aide-agent-workflow-sop;aide-autonomous-workflow;aide-master-roadmap,"Compose this multi-step activity in a curated workflow/pack. Existing workbench flows are adjacent composition examples, not proof this target-domain workflow exists.",TRIAGE_ONLY_NOT_CERTIFIED
testing-requirements-discovery,testing,requirements-discovery,medium,PROPOSED_RECONCILE,WORKFLOW_COMPOSITION,aide-task-verification-battery;aide-acceptance-test-repair;aide-arch-test-fixes;aide-veritas-layer;aid-double-check-everything;aide-agent-workflow-sop;aide-autonomous-workflow;aide-master-roadmap,"Compose this multi-step activity in a curated workflow/pack. Existing workbench flows are adjacent composition examples, not proof this target-domain workflow exists.",TRIAGE_ONLY_NOT_CERTIFIED
testing-environment-inspection,testing,environment-inspection,medium,PROPOSED_RECONCILE,WORKFLOW_COMPOSITION,aide-task-verification-battery;aide-acceptance-test-repair;aide-arch-test-fixes;aide-veritas-layer;aid-double-check-everything;aide-agent-workflow-sop;aide-autonomous-workflow;aide-master-roadmap,"Compose this multi-step activity in a curated workflow/pack. Existing workbench flows are adjacent composition examples, not proof this target-domain workflow exists.",TRIAGE_ONLY_NOT_CERTIFIED
testing-reference-research,testing,reference-research,medium,PROPOSED_RECONCILE,WORKFLOW_COMPOSITION,aide-task-verification-battery;aide-acceptance-test-repair;aide-arch-test-fixes;aide-veritas-layer;aid-double-check-everything;aide-agent-workflow-sop;aide-autonomous-workflow;aide-master-roadmap,"Compose this multi-step activity in a curated workflow/pack. Existing workbench flows are adjacent composition examples, not proof this target-domain workflow exists.",TRIAGE_ONLY_NOT_CERTIFIED
testing-architecture-plan,testing,architecture-plan,medium,PROPOSED_RECONCILE,WORKFLOW_COMPOSITION,aide-task-verification-battery;aide-acceptance-test-repair;aide-arch-test-fixes;aide-veritas-layer;aid-double-check-everything;aide-agent-workflow-sop;aide-autonomous-workflow;aide-master-roadmap,"Compose this multi-step activity in a curated workflow/pack. Existing workbench flows are adjacent composition examples, not proof this target-domain workflow exists.",TRIAGE_ONLY_NOT_CERTIFIED
testing-interface-contract,testing,interface-contract,medium,PROPOSED_RECONCILE,PARTIALLY_SATISFIED,aide-task-verification-battery;aide-veritas-layer,"Related domain skill text exists, but it lacks the supplied formal contract and coordinate-level routing/certification evidence.",TRIAGE_ONLY_NOT_CERTIFIED
testing-data-contract,testing,data-contract,medium,PROPOSED_RECONCILE,MISSING_HIGH_VALUE,aide-task-verification-battery;aide-acceptance-test-repair;aide-arch-test-fixes;aide-veritas-layer;aid-double-check-everything,No operation-specific match was found in the curated domain skill family; prioritize because the catalog marks it high risk or the domain is on the current software-product/release path.,TRIAGE_ONLY_NOT_CERTIFIED
testing-implementation-plan,testing,implementation-plan,medium,PROPOSED_RECONCILE,WORKFLOW_COMPOSITION,aide-task-verification-battery;aide-acceptance-test-repair;aide-arch-test-fixes;aide-veritas-layer;aid-double-check-everything;aide-agent-workflow-sop;aide-autonomous-workflow;aide-master-roadmap,"Compose this multi-step activity in a curated workflow/pack. Existing workbench flows are adjacent composition examples, not proof this target-domain workflow exists.",TRIAGE_ONLY_NOT_CERTIFIED
testing-prototype,testing,prototype,medium,PROPOSED_RECONCILE,WORKFLOW_COMPOSITION,aide-task-verification-battery;aide-acceptance-test-repair;aide-arch-test-fixes;aide-veritas-layer;aid-double-check-everything;aide-agent-workflow-sop;aide-autonomous-workflow;aide-master-roadmap,"Compose this multi-step activity in a curated workflow/pack. Existing workbench flows are adjacent composition examples, not proof this target-domain workflow exists.",TRIAGE_ONLY_NOT_CERTIFIED
testing-implementation,testing,implementation,medium,PROPOSED_RECONCILE,WORKFLOW_COMPOSITION,aide-task-verification-battery;aide-acceptance-test-repair;aide-arch-test-fixes;aide-veritas-layer;aid-double-check-everything;aide-agent-workflow-sop;aide-autonomous-workflow;aide-master-roadmap,"Compose this multi-step activity in a curated workflow/pack. Existing workbench flows are adjacent composition examples, not proof this target-domain workflow exists.",TRIAGE_ONLY_NOT_CERTIFIED
testing-integration,testing,integration,medium,PROPOSED_RECONCILE,WORKFLOW_COMPOSITION,aide-task-verification-battery;aide-acceptance-test-repair;aide-arch-test-fixes;aide-veritas-layer;aid-double-check-everything;aide-agent-workflow-sop;aide-autonomous-workflow;aide-master-roadmap,"Compose this multi-step activity in a curated workflow/pack. Existing workbench flows are adjacent composition examples, not proof this target-domain workflow exists.",TRIAGE_ONLY_NOT_CERTIFIED
testing-configuration,testing,configuration,medium,PROPOSED_RECONCILE,WORKFLOW_COMPOSITION,aide-task-verification-battery;aide-acceptance-test-repair;aide-arch-test-fixes;aide-veritas-layer;aid-double-check-everything;aide-agent-workflow-sop;aide-autonomous-workflow;aide-master-roadmap,"Compose this multi-step activity in a curated workflow/pack. Existing workbench flows are adjacent composition examples, not proof this target-domain workflow exists.",TRIAGE_ONLY_NOT_CERTIFIED
testing-migration,testing,migration,medium,PROPOSED_RECONCILE,WORKFLOW_COMPOSITION,aide-task-verification-battery;aide-acceptance-test-repair;aide-arch-test-fixes;aide-veritas-layer;aid-double-check-everything;aide-agent-workflow-sop;aide-autonomous-workflow;aide-master-roadmap,"Compose this multi-step activity in a curated workflow/pack. Existing workbench flows are adjacent composition examples, not proof this target-domain workflow exists.",TRIAGE_ONLY_NOT_CERTIFIED
testing-compatibility,testing,compatibility,medium,PROPOSED_RECONCILE,MISSING_HIGH_VALUE,aide-task-verification-battery;aide-acceptance-test-repair;aide-arch-test-fixes;aide-veritas-layer;aid-double-check-everything,No operation-specific match was found in the curated domain skill family; prioritize because the catalog marks it high risk or the domain is on the current software-product/release path.,TRIAGE_ONLY_NOT_CERTIFIED
testing-error-handling,testing,error-handling,medium,PROPOSED_RECONCILE,PARTIALLY_SATISFIED,aide-arch-test-fixes;aide-veritas-layer,"Related domain skill text exists, but it lacks the supplied formal contract and coordinate-level routing/certification evidence.",TRIAGE_ONLY_NOT_CERTIFIED
testing-edge-cases,testing,edge-cases,medium,PROPOSED_RECONCILE,MISSING_HIGH_VALUE,aide-task-verification-battery;aide-acceptance-test-repair;aide-arch-test-fixes;aide-veritas-layer;aid-double-check-everything,No operation-specific match was found in the curated domain skill family; prioritize because the catalog marks it high risk or the domain is on the current software-product/release path.,TRIAGE_ONLY_NOT_CERTIFIED
testing-security-review,testing,security-review,high,PROPOSED_RECONCILE,SOP_GOVERNED,aide-security-hardening;aide-supply-chain-audit;developer-way,Govern this cross-cutting procedure once through the named SOP family; add domain-specific checks only where evidence requires them.,TRIAGE_ONLY_NOT_CERTIFIED
testing-privacy-review,testing,privacy-review,medium,PROPOSED_RECONCILE,SOP_GOVERNED,covert-context-control;aide-offline-agent-loop;aide-secrets-handling-protocol;developer-way,Govern this cross-cutting procedure once through the named SOP family; add domain-specific checks only where evidence requires them.,TRIAGE_ONLY_NOT_CERTIFIED
testing-accessibility-review,testing,accessibility-review,medium,PROPOSED_RECONCILE,PARTIALLY_SATISFIED,aid-double-check-everything,"Related domain skill text exists, but it lacks the supplied formal contract and coordinate-level routing/certification evidence.",TRIAGE_ONLY_NOT_CERTIFIED
testing-performance-budget,testing,performance-budget,medium,PROPOSED_RECONCILE,MISSING_HIGH_VALUE,aide-task-verification-battery;aide-acceptance-test-repair;aide-arch-test-fixes;aide-veritas-layer;aid-double-check-everything,No operation-specific match was found in the curated domain skill family; prioritize because the catalog marks it high risk or the domain is on the current software-product/release path.,TRIAGE_ONLY_NOT_CERTIFIED
testing-performance-profile,testing,performance-profile,medium,PROPOSED_RECONCILE,MISSING_HIGH_VALUE,aide-task-verification-battery;aide-acceptance-test-repair;aide-arch-test-fixes;aide-veritas-layer;aid-double-check-everything,No operation-specific match was found in the curated domain skill family; prioritize because the catalog marks it high risk or the domain is on the current software-product/release path.,TRIAGE_ONLY_NOT_CERTIFIED
testing-unit-verification,testing,unit-verification,medium,PROPOSED_RECONCILE,NOT_APPROPRIATE_AS_SKILL,aide-task-verification-battery;aide-veritas-layer;aide-pre-push-gate,This is a deterministic verification/evidence outcome; expose the gate in a workflow and record its result instead of relying on prompt instructions.,TRIAGE_ONLY_NOT_CERTIFIED
testing-integration-verification,testing,integration-verification,medium,PROPOSED_RECONCILE,NOT_APPROPRIATE_AS_SKILL,aide-task-verification-battery;aide-veritas-layer;aide-pre-push-gate,This is a deterministic verification/evidence outcome; expose the gate in a workflow and record its result instead of relying on prompt instructions.,TRIAGE_ONLY_NOT_CERTIFIED
testing-e2e-verification,testing,e2e-verification,medium,PROPOSED_RECONCILE,NOT_APPROPRIATE_AS_SKILL,aide-task-verification-battery;aide-veritas-layer;aide-pre-push-gate,This is a deterministic verification/evidence outcome; expose the gate in a workflow and record its result instead of relying on prompt instructions.,TRIAGE_ONLY_NOT_CERTIFIED
testing-negative-testing,testing,negative-testing,medium,PROPOSED_RECONCILE,MISSING_HIGH_VALUE,aide-task-verification-battery;aide-acceptance-test-repair;aide-arch-test-fixes;aide-veritas-layer;aid-double-check-everything,No operation-specific match was found in the curated domain skill family; prioritize because the catalog marks it high risk or the domain is on the current software-product/release path.,TRIAGE_ONLY_NOT_CERTIFIED
testing-fault-injection,testing,fault-injection,medium,PROPOSED_RECONCILE,MISSING_HIGH_VALUE,aide-task-verification-battery;aide-acceptance-test-repair;aide-arch-test-fixes;aide-veritas-layer;aid-double-check-everything,No operation-specific match was found in the curated domain skill family; prioritize because the catalog marks it high risk or the domain is on the current software-product/release path.,TRIAGE_ONLY_NOT_CERTIFIED
testing-cross-platform-check,testing,cross-platform-check,medium,PROPOSED_RECONCILE,WORKFLOW_COMPOSITION,aide-task-verification-battery;aide-acceptance-test-repair;aide-arch-test-fixes;aide-veritas-layer;aid-double-check-everything;aide-agent-workflow-sop;aide-autonomous-workflow;aide-master-roadmap,"Compose this multi-step activity in a curated workflow/pack. Existing workbench flows are adjacent composition examples, not proof this target-domain workflow exists.",TRIAGE_ONLY_NOT_CERTIFIED
testing-offline-check,testing,offline-check,medium,PROPOSED_RECONCILE,WORKFLOW_COMPOSITION,aide-task-verification-battery;aide-acceptance-test-repair;aide-arch-test-fixes;aide-veritas-layer;aid-double-check-everything;aide-agent-workflow-sop;aide-autonomous-workflow;aide-master-roadmap,"Compose this multi-step activity in a curated workflow/pack. Existing workbench flows are adjacent composition examples, not proof this target-domain workflow exists.",TRIAGE_ONLY_NOT_CERTIFIED
testing-restart-recovery,testing,restart-recovery,medium,PROPOSED_RECONCILE,WORKFLOW_COMPOSITION,aide-task-verification-battery;aide-acceptance-test-repair;aide-arch-test-fixes;aide-veritas-layer;aid-double-check-everything;aide-agent-workflow-sop;aide-autonomous-workflow;aide-master-roadmap,"Compose this multi-step activity in a curated workflow/pack. Existing workbench flows are adjacent composition examples, not proof this target-domain workflow exists.",TRIAGE_ONLY_NOT_CERTIFIED
testing-observability,testing,observability,medium,PROPOSED_RECONCILE,PARTIALLY_SATISFIED,aide-veritas-layer,"Related domain skill text exists, but it lacks the supplied formal contract and coordinate-level routing/certification evidence.",TRIAGE_ONLY_NOT_CERTIFIED
testing-logging-diagnostics,testing,logging-diagnostics,medium,PROPOSED_RECONCILE,PARTIALLY_SATISFIED,aide-veritas-layer,"Related domain skill text exists, but it lacks the supplied formal contract and coordinate-level routing/certification evidence.",TRIAGE_ONLY_NOT_CERTIFIED
testing-documentation,testing,documentation,medium,PROPOSED_RECONCILE,PARTIALLY_SATISFIED,aide-task-verification-battery;aid-double-check-everything,"Related domain skill text exists, but it lacks the supplied formal contract and coordinate-level routing/certification evidence.",TRIAGE_ONLY_NOT_CERTIFIED
testing-operator-runbook,testing,operator-runbook,medium,PROPOSED_RECONCILE,SOP_GOVERNED,agent-notes;aide-aide-stack-launch-and-recover;developer-way,Govern this cross-cutting procedure once through the named SOP family; add domain-specific checks only where evidence requires them.,TRIAGE_ONLY_NOT_CERTIFIED
testing-code-review,testing,code-review,medium,PROPOSED_RECONCILE,SOP_GOVERNED,aide-release-engineering;aide-arch-test-fixes;aide-pre-push-gate;developer-way,Govern this cross-cutting procedure once through the named SOP family; add domain-specific checks only where evidence requires them.,TRIAGE_ONLY_NOT_CERTIFIED
testing-regression-analysis,testing,regression-analysis,medium,PROPOSED_RECONCILE,SOP_GOVERNED,aide-arch-test-fixes;aide-task-verification-battery;developer-way,Govern this cross-cutting procedure once through the named SOP family; add domain-specific checks only where evidence requires them.,TRIAGE_ONLY_NOT_CERTIFIED
testing-root-cause-repair,testing,root-cause-repair,medium,PROPOSED_RECONCILE,SOP_GOVERNED,aide-debugging-discipline;aide-unified-diff-repair;ask-dont-circle;developer-way,Govern this cross-cutting procedure once through the named SOP family; add domain-specific checks only where evidence requires them.,TRIAGE_ONLY_NOT_CERTIFIED
testing-dependency-audit,testing,dependency-audit,medium,PROPOSED_RECONCILE,SOP_GOVERNED,aide-supply-chain-audit;aide-arch-packaging-release;aide-ci-diagnostics,Govern this cross-cutting procedure once through the named SOP family; add domain-specific checks only where evidence requires them.,TRIAGE_ONLY_NOT_CERTIFIED
testing-release-readiness,testing,release-readiness,high,PROPOSED_RECONCILE,WORKFLOW_COMPOSITION,aide-task-verification-battery;aide-acceptance-test-repair;aide-arch-test-fixes;aide-veritas-layer;aid-double-check-everything;aide-agent-workflow-sop;aide-autonomous-workflow;aide-master-roadmap,"Compose this multi-step activity in a curated workflow/pack. Existing workbench flows are adjacent composition examples, not proof this target-domain workflow exists.",TRIAGE_ONLY_NOT_CERTIFIED
testing-evidence-capture,testing,evidence-capture,medium,PROPOSED_RECONCILE,NOT_APPROPRIATE_AS_SKILL,aide-task-verification-battery;aide-veritas-layer;aide-pre-push-gate,This is a deterministic verification/evidence outcome; expose the gate in a workflow and record its result instead of relying on prompt instructions.,TRIAGE_ONLY_NOT_CERTIFIED
testing-post-acceptance-monitoring,testing,post-acceptance-monitoring,medium,PROPOSED_RECONCILE,WORKFLOW_COMPOSITION,aide-task-verification-battery;aide-acceptance-test-repair;aide-arch-test-fixes;aide-veritas-layer;aid-double-check-everything;aide-agent-workflow-sop;aide-autonomous-workflow;aide-master-roadmap,"Compose this multi-step activity in a curated workflow/pack. Existing workbench flows are adjacent composition examples, not proof this target-domain workflow exists.",TRIAGE_ONLY_NOT_CERTIFIED
testing-maintenance-upgrade,testing,maintenance-upgrade,medium,PROPOSED_RECONCILE,WORKFLOW_COMPOSITION,aide-task-verification-battery;aide-acceptance-test-repair;aide-arch-test-fixes;aide-veritas-layer;aid-double-check-everything;aide-agent-workflow-sop;aide-autonomous-workflow;aide-master-roadmap,"Compose this multi-step activity in a curated workflow/pack. Existing workbench flows are adjacent composition examples, not proof this target-domain workflow exists.",TRIAGE_ONLY_NOT_CERTIFIED
devops-requirements-discovery,devops,requirements-discovery,medium,PROPOSED_RECONCILE,WORKFLOW_COMPOSITION,aide-aide-stack-launch-and-recover;edge-deployment-ci;aide-arch-packaging-release;aide-ci-diagnostics;aide-agent-workflow-sop;aide-autonomous-workflow;aide-master-roadmap,"Compose this multi-step activity in a curated workflow/pack. Existing workbench flows are adjacent composition examples, not proof this target-domain workflow exists.",TRIAGE_ONLY_NOT_CERTIFIED
devops-environment-inspection,devops,environment-inspection,medium,PROPOSED_RECONCILE,WORKFLOW_COMPOSITION,aide-aide-stack-launch-and-recover;edge-deployment-ci;aide-arch-packaging-release;aide-ci-diagnostics;aide-agent-workflow-sop;aide-autonomous-workflow;aide-master-roadmap,"Compose this multi-step activity in a curated workflow/pack. Existing workbench flows are adjacent composition examples, not proof this target-domain workflow exists.",TRIAGE_ONLY_NOT_CERTIFIED
devops-reference-research,devops,reference-research,medium,PROPOSED_RECONCILE,WORKFLOW_COMPOSITION,aide-aide-stack-launch-and-recover;edge-deployment-ci;aide-arch-packaging-release;aide-ci-diagnostics;aide-agent-workflow-sop;aide-autonomous-workflow;aide-master-roadmap,"Compose this multi-step activity in a curated workflow/pack. Existing workbench flows are adjacent composition examples, not proof this target-domain workflow exists.",TRIAGE_ONLY_NOT_CERTIFIED
devops-architecture-plan,devops,architecture-plan,medium,PROPOSED_RECONCILE,WORKFLOW_COMPOSITION,aide-aide-stack-launch-and-recover;edge-deployment-ci;aide-arch-packaging-release;aide-ci-diagnostics;aide-agent-workflow-sop;aide-autonomous-workflow;aide-master-roadmap,"Compose this multi-step activity in a curated workflow/pack. Existing workbench flows are adjacent composition examples, not proof this target-domain workflow exists.",TRIAGE_ONLY_NOT_CERTIFIED
devops-interface-contract,devops,interface-contract,medium,PROPOSED_RECONCILE,MISSING_HIGH_VALUE,aide-aide-stack-launch-and-recover;edge-deployment-ci;aide-arch-packaging-release;aide-ci-diagnostics,No operation-specific match was found in the curated domain skill family; prioritize because the catalog marks it high risk or the domain is on the current software-product/release path.,TRIAGE_ONLY_NOT_CERTIFIED
devops-data-contract,devops,data-contract,medium,PROPOSED_RECONCILE,MISSING_HIGH_VALUE,aide-aide-stack-launch-and-recover;edge-deployment-ci;aide-arch-packaging-release;aide-ci-diagnostics,No operation-specific match was found in the curated domain skill family; prioritize because the catalog marks it high risk or the domain is on the current software-product/release path.,TRIAGE_ONLY_NOT_CERTIFIED
devops-implementation-plan,devops,implementation-plan,medium,PROPOSED_RECONCILE,WORKFLOW_COMPOSITION,aide-aide-stack-launch-and-recover;edge-deployment-ci;aide-arch-packaging-release;aide-ci-diagnostics;aide-agent-workflow-sop;aide-autonomous-workflow;aide-master-roadmap,"Compose this multi-step activity in a curated workflow/pack. Existing workbench flows are adjacent composition examples, not proof this target-domain workflow exists.",TRIAGE_ONLY_NOT_CERTIFIED
devops-prototype,devops,prototype,medium,PROPOSED_RECONCILE,WORKFLOW_COMPOSITION,aide-aide-stack-launch-and-recover;edge-deployment-ci;aide-arch-packaging-release;aide-ci-diagnostics;aide-agent-workflow-sop;aide-autonomous-workflow;aide-master-roadmap,"Compose this multi-step activity in a curated workflow/pack. Existing workbench flows are adjacent composition examples, not proof this target-domain workflow exists.",TRIAGE_ONLY_NOT_CERTIFIED
devops-implementation,devops,implementation,medium,PROPOSED_RECONCILE,WORKFLOW_COMPOSITION,aide-aide-stack-launch-and-recover;edge-deployment-ci;aide-arch-packaging-release;aide-ci-diagnostics;aide-agent-workflow-sop;aide-autonomous-workflow;aide-master-roadmap,"Compose this multi-step activity in a curated workflow/pack. Existing workbench flows are adjacent composition examples, not proof this target-domain workflow exists.",TRIAGE_ONLY_NOT_CERTIFIED
devops-integration,devops,integration,medium,PROPOSED_RECONCILE,WORKFLOW_COMPOSITION,aide-aide-stack-launch-and-recover;edge-deployment-ci;aide-arch-packaging-release;aide-ci-diagnostics;aide-agent-workflow-sop;aide-autonomous-workflow;aide-master-roadmap,"Compose this multi-step activity in a curated workflow/pack. Existing workbench flows are adjacent composition examples, not proof this target-domain workflow exists.",TRIAGE_ONLY_NOT_CERTIFIED
devops-configuration,devops,configuration,medium,PROPOSED_RECONCILE,WORKFLOW_COMPOSITION,aide-aide-stack-launch-and-recover;edge-deployment-ci;aide-arch-packaging-release;aide-ci-diagnostics;aide-agent-workflow-sop;aide-autonomous-workflow;aide-master-roadmap,"Compose this multi-step activity in a curated workflow/pack. Existing workbench flows are adjacent composition examples, not proof this target-domain workflow exists.",TRIAGE_ONLY_NOT_CERTIFIED
devops-migration,devops,migration,medium,PROPOSED_RECONCILE,WORKFLOW_COMPOSITION,aide-aide-stack-launch-and-recover;edge-deployment-ci;aide-arch-packaging-release;aide-ci-diagnostics;aide-agent-workflow-sop;aide-autonomous-workflow;aide-master-roadmap,"Compose this multi-step activity in a curated workflow/pack. Existing workbench flows are adjacent composition examples, not proof this target-domain workflow exists.",TRIAGE_ONLY_NOT_CERTIFIED
devops-compatibility,devops,compatibility,medium,PROPOSED_RECONCILE,PARTIALLY_SATISFIED,aide-aide-stack-launch-and-recover,"Related domain skill text exists, but it lacks the supplied formal contract and coordinate-level routing/certification evidence.",TRIAGE_ONLY_NOT_CERTIFIED
devops-error-handling,devops,error-handling,medium,PROPOSED_RECONCILE,PARTIALLY_SATISFIED,aide-aide-stack-launch-and-recover;aide-ci-diagnostics,"Related domain skill text exists, but it lacks the supplied formal contract and coordinate-level routing/certification evidence.",TRIAGE_ONLY_NOT_CERTIFIED
devops-edge-cases,devops,edge-cases,medium,PROPOSED_RECONCILE,PARTIALLY_SATISFIED,aide-aide-stack-launch-and-recover,"Related domain skill text exists, but it lacks the supplied formal contract and coordinate-level routing/certification evidence.",TRIAGE_ONLY_NOT_CERTIFIED
devops-security-review,devops,security-review,high,PROPOSED_RECONCILE,SOP_GOVERNED,aide-security-hardening;aide-supply-chain-audit;developer-way,Govern this cross-cutting procedure once through the named SOP family; add domain-specific checks only where evidence requires them.,TRIAGE_ONLY_NOT_CERTIFIED
devops-privacy-review,devops,privacy-review,medium,PROPOSED_RECONCILE,SOP_GOVERNED,covert-context-control;aide-offline-agent-loop;aide-secrets-handling-protocol;developer-way,Govern this cross-cutting procedure once through the named SOP family; add domain-specific checks only where evidence requires them.,TRIAGE_ONLY_NOT_CERTIFIED
devops-accessibility-review,devops,accessibility-review,medium,PROPOSED_RECONCILE,MISSING_HIGH_VALUE,aide-aide-stack-launch-and-recover;edge-deployment-ci;aide-arch-packaging-release;aide-ci-diagnostics,No operation-specific match was found in the curated domain skill family; prioritize because the catalog marks it high risk or the domain is on the current software-product/release path.,TRIAGE_ONLY_NOT_CERTIFIED
devops-performance-budget,devops,performance-budget,medium,PROPOSED_RECONCILE,MISSING_HIGH_VALUE,aide-aide-stack-launch-and-recover;edge-deployment-ci;aide-arch-packaging-release;aide-ci-diagnostics,No operation-specific match was found in the curated domain skill family; prioritize because the catalog marks it high risk or the domain is on the current software-product/release path.,TRIAGE_ONLY_NOT_CERTIFIED
devops-performance-profile,devops,performance-profile,medium,PROPOSED_RECONCILE,PARTIALLY_SATISFIED,edge-deployment-ci,"Related domain skill text exists, but it lacks the supplied formal contract and coordinate-level routing/certification evidence.",TRIAGE_ONLY_NOT_CERTIFIED
devops-unit-verification,devops,unit-verification,medium,PROPOSED_RECONCILE,NOT_APPROPRIATE_AS_SKILL,aide-task-verification-battery;aide-veritas-layer;aide-pre-push-gate,This is a deterministic verification/evidence outcome; expose the gate in a workflow and record its result instead of relying on prompt instructions.,TRIAGE_ONLY_NOT_CERTIFIED
devops-integration-verification,devops,integration-verification,medium,PROPOSED_RECONCILE,NOT_APPROPRIATE_AS_SKILL,aide-task-verification-battery;aide-veritas-layer;aide-pre-push-gate,This is a deterministic verification/evidence outcome; expose the gate in a workflow and record its result instead of relying on prompt instructions.,TRIAGE_ONLY_NOT_CERTIFIED
devops-e2e-verification,devops,e2e-verification,medium,PROPOSED_RECONCILE,NOT_APPROPRIATE_AS_SKILL,aide-task-verification-battery;aide-veritas-layer;aide-pre-push-gate,This is a deterministic verification/evidence outcome; expose the gate in a workflow and record its result instead of relying on prompt instructions.,TRIAGE_ONLY_NOT_CERTIFIED
devops-negative-testing,devops,negative-testing,medium,PROPOSED_RECONCILE,MISSING_HIGH_VALUE,aide-aide-stack-launch-and-recover;edge-deployment-ci;aide-arch-packaging-release;aide-ci-diagnostics,No operation-specific match was found in the curated domain skill family; prioritize because the catalog marks it high risk or the domain is on the current software-product/release path.,TRIAGE_ONLY_NOT_CERTIFIED
devops-fault-injection,devops,fault-injection,medium,PROPOSED_RECONCILE,MISSING_HIGH_VALUE,aide-aide-stack-launch-and-recover;edge-deployment-ci;aide-arch-packaging-release;aide-ci-diagnostics,No operation-specific match was found in the curated domain skill family; prioritize because the catalog marks it high risk or the domain is on the current software-product/release path.,TRIAGE_ONLY_NOT_CERTIFIED
devops-cross-platform-check,devops,cross-platform-check,medium,PROPOSED_RECONCILE,WORKFLOW_COMPOSITION,aide-aide-stack-launch-and-recover;edge-deployment-ci;aide-arch-packaging-release;aide-ci-diagnostics;aide-agent-workflow-sop;aide-autonomous-workflow;aide-master-roadmap,"Compose this multi-step activity in a curated workflow/pack. Existing workbench flows are adjacent composition examples, not proof this target-domain workflow exists.",TRIAGE_ONLY_NOT_CERTIFIED
devops-offline-check,devops,offline-check,medium,PROPOSED_RECONCILE,WORKFLOW_COMPOSITION,aide-aide-stack-launch-and-recover;edge-deployment-ci;aide-arch-packaging-release;aide-ci-diagnostics;aide-agent-workflow-sop;aide-autonomous-workflow;aide-master-roadmap,"Compose this multi-step activity in a curated workflow/pack. Existing workbench flows are adjacent composition examples, not proof this target-domain workflow exists.",TRIAGE_ONLY_NOT_CERTIFIED
devops-restart-recovery,devops,restart-recovery,medium,PROPOSED_RECONCILE,WORKFLOW_COMPOSITION,aide-aide-stack-launch-and-recover;edge-deployment-ci;aide-arch-packaging-release;aide-ci-diagnostics;aide-agent-workflow-sop;aide-autonomous-workflow;aide-master-roadmap,"Compose this multi-step activity in a curated workflow/pack. Existing workbench flows are adjacent composition examples, not proof this target-domain workflow exists.",TRIAGE_ONLY_NOT_CERTIFIED
devops-observability,devops,observability,medium,PROPOSED_RECONCILE,PARTIALLY_SATISFIED,aide-ci-diagnostics,"Related domain skill text exists, but it lacks the supplied formal contract and coordinate-level routing/certification evidence.",TRIAGE_ONLY_NOT_CERTIFIED
devops-logging-diagnostics,devops,logging-diagnostics,medium,PROPOSED_RECONCILE,PARTIALLY_SATISFIED,aide-ci-diagnostics,"Related domain skill text exists, but it lacks the supplied formal contract and coordinate-level routing/certification evidence.",TRIAGE_ONLY_NOT_CERTIFIED
devops-documentation,devops,documentation,medium,PROPOSED_RECONCILE,PARTIALLY_SATISFIED,aide-arch-packaging-release,"Related domain skill text exists, but it lacks the supplied formal contract and coordinate-level routing/certification evidence.",TRIAGE_ONLY_NOT_CERTIFIED
devops-operator-runbook,devops,operator-runbook,medium,PROPOSED_RECONCILE,SOP_GOVERNED,agent-notes;aide-aide-stack-launch-and-recover;developer-way,Govern this cross-cutting procedure once through the named SOP family; add domain-specific checks only where evidence requires them.,TRIAGE_ONLY_NOT_CERTIFIED
devops-code-review,devops,code-review,medium,PROPOSED_RECONCILE,SOP_GOVERNED,aide-release-engineering;aide-arch-test-fixes;aide-pre-push-gate;developer-way,Govern this cross-cutting procedure once through the named SOP family; add domain-specific checks only where evidence requires them.,TRIAGE_ONLY_NOT_CERTIFIED
devops-regression-analysis,devops,regression-analysis,medium,PROPOSED_RECONCILE,SOP_GOVERNED,aide-arch-test-fixes;aide-task-verification-battery;developer-way,Govern this cross-cutting procedure once through the named SOP family; add domain-specific checks only where evidence requires them.,TRIAGE_ONLY_NOT_CERTIFIED
devops-root-cause-repair,devops,root-cause-repair,medium,PROPOSED_RECONCILE,SOP_GOVERNED,aide-debugging-discipline;aide-unified-diff-repair;ask-dont-circle;developer-way,Govern this cross-cutting procedure once through the named SOP family; add domain-specific checks only where evidence requires them.,TRIAGE_ONLY_NOT_CERTIFIED
devops-dependency-audit,devops,dependency-audit,medium,PROPOSED_RECONCILE,SOP_GOVERNED,aide-supply-chain-audit;aide-arch-packaging-release;aide-ci-diagnostics,Govern this cross-cutting procedure once through the named SOP family; add domain-specific checks only where evidence requires them.,TRIAGE_ONLY_NOT_CERTIFIED
devops-release-readiness,devops,release-readiness,high,PROPOSED_RECONCILE,WORKFLOW_COMPOSITION,aide-aide-stack-launch-and-recover;edge-deployment-ci;aide-arch-packaging-release;aide-ci-diagnostics;aide-agent-workflow-sop;aide-autonomous-workflow;aide-master-roadmap,"Compose this multi-step activity in a curated workflow/pack. Existing workbench flows are adjacent composition examples, not proof this target-domain workflow exists.",TRIAGE_ONLY_NOT_CERTIFIED
devops-evidence-capture,devops,evidence-capture,medium,PROPOSED_RECONCILE,NOT_APPROPRIATE_AS_SKILL,aide-task-verification-battery;aide-veritas-layer;aide-pre-push-gate,This is a deterministic verification/evidence outcome; expose the gate in a workflow and record its result instead of relying on prompt instructions.,TRIAGE_ONLY_NOT_CERTIFIED
devops-post-acceptance-monitoring,devops,post-acceptance-monitoring,medium,PROPOSED_RECONCILE,WORKFLOW_COMPOSITION,aide-aide-stack-launch-and-recover;edge-deployment-ci;aide-arch-packaging-release;aide-ci-diagnostics;aide-agent-workflow-sop;aide-autonomous-workflow;aide-master-roadmap,"Compose this multi-step activity in a curated workflow/pack. Existing workbench flows are adjacent composition examples, not proof this target-domain workflow exists.",TRIAGE_ONLY_NOT_CERTIFIED
devops-maintenance-upgrade,devops,maintenance-upgrade,medium,PROPOSED_RECONCILE,WORKFLOW_COMPOSITION,aide-aide-stack-launch-and-recover;edge-deployment-ci;aide-arch-packaging-release;aide-ci-diagnostics;aide-agent-workflow-sop;aide-autonomous-workflow;aide-master-roadmap,"Compose this multi-step activity in a curated workflow/pack. Existing workbench flows are adjacent composition examples, not proof this target-domain workflow exists.",TRIAGE_ONLY_NOT_CERTIFIED
security-requirements-discovery,security,requirements-discovery,high,PROPOSED_RECONCILE,WORKFLOW_COMPOSITION,aide-security-hardening;aide-secrets-handling-protocol;aide-supply-chain-audit;web-human-systems-security;aide-agent-workflow-sop;aide-autonomous-workflow;aide-master-roadmap,"Compose this multi-step activity in a curated workflow/pack. Existing workbench flows are adjacent composition examples, not proof this target-domain workflow exists.",TRIAGE_ONLY_NOT_CERTIFIED
security-environment-inspection,security,environment-inspection,high,PROPOSED_RECONCILE,WORKFLOW_COMPOSITION,aide-security-hardening;aide-secrets-handling-protocol;aide-supply-chain-audit;web-human-systems-security;aide-agent-workflow-sop;aide-autonomous-workflow;aide-master-roadmap,"Compose this multi-step activity in a curated workflow/pack. Existing workbench flows are adjacent composition examples, not proof this target-domain workflow exists.",TRIAGE_ONLY_NOT_CERTIFIED
security-reference-research,security,reference-research,high,PROPOSED_RECONCILE,WORKFLOW_COMPOSITION,aide-security-hardening;aide-secrets-handling-protocol;aide-supply-chain-audit;web-human-systems-security;aide-agent-workflow-sop;aide-autonomous-workflow;aide-master-roadmap,"Compose this multi-step activity in a curated workflow/pack. Existing workbench flows are adjacent composition examples, not proof this target-domain workflow exists.",TRIAGE_ONLY_NOT_CERTIFIED
security-architecture-plan,security,architecture-plan,high,PROPOSED_RECONCILE,WORKFLOW_COMPOSITION,aide-security-hardening;aide-secrets-handling-protocol;aide-supply-chain-audit;web-human-systems-security;aide-agent-workflow-sop;aide-autonomous-workflow;aide-master-roadmap,"Compose this multi-step activity in a curated workflow/pack. Existing workbench flows are adjacent composition examples, not proof this target-domain workflow exists.",TRIAGE_ONLY_NOT_CERTIFIED
security-interface-contract,security,interface-contract,high,PROPOSED_RECONCILE,MISSING_HIGH_VALUE,aide-security-hardening;aide-secrets-handling-protocol;aide-supply-chain-audit;web-human-systems-security,No operation-specific match was found in the curated domain skill family; prioritize because the catalog marks it high risk or the domain is on the current software-product/release path.,TRIAGE_ONLY_NOT_CERTIFIED
security-data-contract,security,data-contract,high,PROPOSED_RECONCILE,MISSING_HIGH_VALUE,aide-security-hardening;aide-secrets-handling-protocol;aide-supply-chain-audit;web-human-systems-security,No operation-specific match was found in the curated domain skill family; prioritize because the catalog marks it high risk or the domain is on the current software-product/release path.,TRIAGE_ONLY_NOT_CERTIFIED
security-implementation-plan,security,implementation-plan,high,PROPOSED_RECONCILE,WORKFLOW_COMPOSITION,aide-security-hardening;aide-secrets-handling-protocol;aide-supply-chain-audit;web-human-systems-security;aide-agent-workflow-sop;aide-autonomous-workflow;aide-master-roadmap,"Compose this multi-step activity in a curated workflow/pack. Existing workbench flows are adjacent composition examples, not proof this target-domain workflow exists.",TRIAGE_ONLY_NOT_CERTIFIED
security-prototype,security,prototype,high,PROPOSED_RECONCILE,WORKFLOW_COMPOSITION,aide-security-hardening;aide-secrets-handling-protocol;aide-supply-chain-audit;web-human-systems-security;aide-agent-workflow-sop;aide-autonomous-workflow;aide-master-roadmap,"Compose this multi-step activity in a curated workflow/pack. Existing workbench flows are adjacent composition examples, not proof this target-domain workflow exists.",TRIAGE_ONLY_NOT_CERTIFIED
security-implementation,security,implementation,high,PROPOSED_RECONCILE,WORKFLOW_COMPOSITION,aide-security-hardening;aide-secrets-handling-protocol;aide-supply-chain-audit;web-human-systems-security;aide-agent-workflow-sop;aide-autonomous-workflow;aide-master-roadmap,"Compose this multi-step activity in a curated workflow/pack. Existing workbench flows are adjacent composition examples, not proof this target-domain workflow exists.",TRIAGE_ONLY_NOT_CERTIFIED
security-integration,security,integration,high,PROPOSED_RECONCILE,WORKFLOW_COMPOSITION,aide-security-hardening;aide-secrets-handling-protocol;aide-supply-chain-audit;web-human-systems-security;aide-agent-workflow-sop;aide-autonomous-workflow;aide-master-roadmap,"Compose this multi-step activity in a curated workflow/pack. Existing workbench flows are adjacent composition examples, not proof this target-domain workflow exists.",TRIAGE_ONLY_NOT_CERTIFIED
security-configuration,security,configuration,high,PROPOSED_RECONCILE,WORKFLOW_COMPOSITION,aide-security-hardening;aide-secrets-handling-protocol;aide-supply-chain-audit;web-human-systems-security;aide-agent-workflow-sop;aide-autonomous-workflow;aide-master-roadmap,"Compose this multi-step activity in a curated workflow/pack. Existing workbench flows are adjacent composition examples, not proof this target-domain workflow exists.",TRIAGE_ONLY_NOT_CERTIFIED
security-migration,security,migration,high,PROPOSED_RECONCILE,WORKFLOW_COMPOSITION,aide-security-hardening;aide-secrets-handling-protocol;aide-supply-chain-audit;web-human-systems-security;aide-agent-workflow-sop;aide-autonomous-workflow;aide-master-roadmap,"Compose this multi-step activity in a curated workflow/pack. Existing workbench flows are adjacent composition examples, not proof this target-domain workflow exists.",TRIAGE_ONLY_NOT_CERTIFIED
security-compatibility,security,compatibility,high,PROPOSED_RECONCILE,MISSING_HIGH_VALUE,aide-security-hardening;aide-secrets-handling-protocol;aide-supply-chain-audit;web-human-systems-security,No operation-specific match was found in the curated domain skill family; prioritize because the catalog marks it high risk or the domain is on the current software-product/release path.,TRIAGE_ONLY_NOT_CERTIFIED
security-error-handling,security,error-handling,high,PROPOSED_RECONCILE,MISSING_HIGH_VALUE,aide-security-hardening;aide-secrets-handling-protocol;aide-supply-chain-audit;web-human-systems-security,No operation-specific match was found in the curated domain skill family; prioritize because the catalog marks it high risk or the domain is on the current software-product/release path.,TRIAGE_ONLY_NOT_CERTIFIED
security-edge-cases,security,edge-cases,high,PROPOSED_RECONCILE,PARTIALLY_SATISFIED,web-human-systems-security,"Related domain skill text exists, but it lacks the supplied formal contract and coordinate-level routing/certification evidence.",TRIAGE_ONLY_NOT_CERTIFIED
security-security-review,security,security-review,high,PROPOSED_RECONCILE,SOP_GOVERNED,aide-security-hardening;aide-supply-chain-audit;developer-way,Govern this cross-cutting procedure once through the named SOP family; add domain-specific checks only where evidence requires them.,TRIAGE_ONLY_NOT_CERTIFIED
security-privacy-review,security,privacy-review,high,PROPOSED_RECONCILE,SOP_GOVERNED,covert-context-control;aide-offline-agent-loop;aide-secrets-handling-protocol;developer-way,Govern this cross-cutting procedure once through the named SOP family; add domain-specific checks only where evidence requires them.,TRIAGE_ONLY_NOT_CERTIFIED
security-accessibility-review,security,accessibility-review,high,PROPOSED_RECONCILE,PARTIALLY_SATISFIED,web-human-systems-security,"Related domain skill text exists, but it lacks the supplied formal contract and coordinate-level routing/certification evidence.",TRIAGE_ONLY_NOT_CERTIFIED
security-performance-budget,security,performance-budget,high,PROPOSED_RECONCILE,MISSING_HIGH_VALUE,aide-security-hardening;aide-secrets-handling-protocol;aide-supply-chain-audit;web-human-systems-security,No operation-specific match was found in the curated domain skill family; prioritize because the catalog marks it high risk or the domain is on the current software-product/release path.,TRIAGE_ONLY_NOT_CERTIFIED
security-performance-profile,security,performance-profile,high,PROPOSED_RECONCILE,PARTIALLY_SATISFIED,web-human-systems-security,"Related domain skill text exists, but it lacks the supplied formal contract and coordinate-level routing/certification evidence.",TRIAGE_ONLY_NOT_CERTIFIED
security-unit-verification,security,unit-verification,high,PROPOSED_RECONCILE,NOT_APPROPRIATE_AS_SKILL,aide-task-verification-battery;aide-veritas-layer;aide-pre-push-gate,This is a deterministic verification/evidence outcome; expose the gate in a workflow and record its result instead of relying on prompt instructions.,TRIAGE_ONLY_NOT_CERTIFIED
security-integration-verification,security,integration-verification,high,PROPOSED_RECONCILE,NOT_APPROPRIATE_AS_SKILL,aide-task-verification-battery;aide-veritas-layer;aide-pre-push-gate,This is a deterministic verification/evidence outcome; expose the gate in a workflow and record its result instead of relying on prompt instructions.,TRIAGE_ONLY_NOT_CERTIFIED
security-e2e-verification,security,e2e-verification,high,PROPOSED_RECONCILE,NOT_APPROPRIATE_AS_SKILL,aide-task-verification-battery;aide-veritas-layer;aide-pre-push-gate,This is a deterministic verification/evidence outcome; expose the gate in a workflow and record its result instead of relying on prompt instructions.,TRIAGE_ONLY_NOT_CERTIFIED
security-negative-testing,security,negative-testing,high,PROPOSED_RECONCILE,MISSING_HIGH_VALUE,aide-security-hardening;aide-secrets-handling-protocol;aide-supply-chain-audit;web-human-systems-security,No operation-specific match was found in the curated domain skill family; prioritize because the catalog marks it high risk or the domain is on the current software-product/release path.,TRIAGE_ONLY_NOT_CERTIFIED
security-fault-injection,security,fault-injection,high,PROPOSED_RECONCILE,MISSING_HIGH_VALUE,aide-security-hardening;aide-secrets-handling-protocol;aide-supply-chain-audit;web-human-systems-security,No operation-specific match was found in the curated domain skill family; prioritize because the catalog marks it high risk or the domain is on the current software-product/release path.,TRIAGE_ONLY_NOT_CERTIFIED
security-cross-platform-check,security,cross-platform-check,high,PROPOSED_RECONCILE,WORKFLOW_COMPOSITION,aide-security-hardening;aide-secrets-handling-protocol;aide-supply-chain-audit;web-human-systems-security;aide-agent-workflow-sop;aide-autonomous-workflow;aide-master-roadmap,"Compose this multi-step activity in a curated workflow/pack. Existing workbench flows are adjacent composition examples, not proof this target-domain workflow exists.",TRIAGE_ONLY_NOT_CERTIFIED
security-offline-check,security,offline-check,high,PROPOSED_RECONCILE,WORKFLOW_COMPOSITION,aide-security-hardening;aide-secrets-handling-protocol;aide-supply-chain-audit;web-human-systems-security;aide-agent-workflow-sop;aide-autonomous-workflow;aide-master-roadmap,"Compose this multi-step activity in a curated workflow/pack. Existing workbench flows are adjacent composition examples, not proof this target-domain workflow exists.",TRIAGE_ONLY_NOT_CERTIFIED
security-restart-recovery,security,restart-recovery,high,PROPOSED_RECONCILE,WORKFLOW_COMPOSITION,aide-security-hardening;aide-secrets-handling-protocol;aide-supply-chain-audit;web-human-systems-security;aide-agent-workflow-sop;aide-autonomous-workflow;aide-master-roadmap,"Compose this multi-step activity in a curated workflow/pack. Existing workbench flows are adjacent composition examples, not proof this target-domain workflow exists.",TRIAGE_ONLY_NOT_CERTIFIED
security-observability,security,observability,high,PROPOSED_RECONCILE,PARTIALLY_SATISFIED,aide-supply-chain-audit;web-human-systems-security,"Related domain skill text exists, but it lacks the supplied formal contract and coordinate-level routing/certification evidence.",TRIAGE_ONLY_NOT_CERTIFIED
security-logging-diagnostics,security,logging-diagnostics,high,PROPOSED_RECONCILE,PARTIALLY_SATISFIED,aide-security-hardening,"Related domain skill text exists, but it lacks the supplied formal contract and coordinate-level routing/certification evidence.",TRIAGE_ONLY_NOT_CERTIFIED
security-documentation,security,documentation,high,PROPOSED_RECONCILE,PARTIALLY_SATISFIED,web-human-systems-security,"Related domain skill text exists, but it lacks the supplied formal contract and coordinate-level routing/certification evidence.",TRIAGE_ONLY_NOT_CERTIFIED
security-operator-runbook,security,operator-runbook,high,PROPOSED_RECONCILE,SOP_GOVERNED,agent-notes;aide-aide-stack-launch-and-recover;developer-way,Govern this cross-cutting procedure once through the named SOP family; add domain-specific checks only where evidence requires them.,TRIAGE_ONLY_NOT_CERTIFIED
security-code-review,security,code-review,high,PROPOSED_RECONCILE,SOP_GOVERNED,aide-release-engineering;aide-arch-test-fixes;aide-pre-push-gate;developer-way,Govern this cross-cutting procedure once through the named SOP family; add domain-specific checks only where evidence requires them.,TRIAGE_ONLY_NOT_CERTIFIED
security-regression-analysis,security,regression-analysis,high,PROPOSED_RECONCILE,SOP_GOVERNED,aide-arch-test-fixes;aide-task-verification-battery;developer-way,Govern this cross-cutting procedure once through the named SOP family; add domain-specific checks only where evidence requires them.,TRIAGE_ONLY_NOT_CERTIFIED
security-root-cause-repair,security,root-cause-repair,high,PROPOSED_RECONCILE,SOP_GOVERNED,aide-debugging-discipline;aide-unified-diff-repair;ask-dont-circle;developer-way,Govern this cross-cutting procedure once through the named SOP family; add domain-specific checks only where evidence requires them.,TRIAGE_ONLY_NOT_CERTIFIED
security-dependency-audit,security,dependency-audit,high,PROPOSED_RECONCILE,SOP_GOVERNED,aide-supply-chain-audit;aide-arch-packaging-release;aide-ci-diagnostics,Govern this cross-cutting procedure once through the named SOP family; add domain-specific checks only where evidence requires them.,TRIAGE_ONLY_NOT_CERTIFIED
security-release-readiness,security,release-readiness,high,PROPOSED_RECONCILE,WORKFLOW_COMPOSITION,aide-security-hardening;aide-secrets-handling-protocol;aide-supply-chain-audit;web-human-systems-security;aide-agent-workflow-sop;aide-autonomous-workflow;aide-master-roadmap,"Compose this multi-step activity in a curated workflow/pack. Existing workbench flows are adjacent composition examples, not proof this target-domain workflow exists.",TRIAGE_ONLY_NOT_CERTIFIED
security-evidence-capture,security,evidence-capture,high,PROPOSED_RECONCILE,NOT_APPROPRIATE_AS_SKILL,aide-task-verification-battery;aide-veritas-layer;aide-pre-push-gate,This is a deterministic verification/evidence outcome; expose the gate in a workflow and record its result instead of relying on prompt instructions.,TRIAGE_ONLY_NOT_CERTIFIED
security-post-acceptance-monitoring,security,post-acceptance-monitoring,high,PROPOSED_RECONCILE,WORKFLOW_COMPOSITION,aide-security-hardening;aide-secrets-handling-protocol;aide-supply-chain-audit;web-human-systems-security;aide-agent-workflow-sop;aide-autonomous-workflow;aide-master-roadmap,"Compose this multi-step activity in a curated workflow/pack. Existing workbench flows are adjacent composition examples, not proof this target-domain workflow exists.",TRIAGE_ONLY_NOT_CERTIFIED
security-maintenance-upgrade,security,maintenance-upgrade,high,PROPOSED_RECONCILE,WORKFLOW_COMPOSITION,aide-security-hardening;aide-secrets-handling-protocol;aide-supply-chain-audit;web-human-systems-security;aide-agent-workflow-sop;aide-autonomous-workflow;aide-master-roadmap,"Compose this multi-step activity in a curated workflow/pack. Existing workbench flows are adjacent composition examples, not proof this target-domain workflow exists.",TRIAGE_ONLY_NOT_CERTIFIED
desktop-apps-requirements-discovery,desktop-apps,requirements-discovery,medium,PROPOSED_RECONCILE,WORKFLOW_COMPOSITION,aide-arch-editor;aide-p6-desktop-control;aide-arch-packaging-release;aide-windows-dev-reality;aide-agent-workflow-sop;aide-autonomous-workflow;aide-master-roadmap,"Compose this multi-step activity in a curated workflow/pack. Existing workbench flows are adjacent composition examples, not proof this target-domain workflow exists.",TRIAGE_ONLY_NOT_CERTIFIED
desktop-apps-environment-inspection,desktop-apps,environment-inspection,medium,PROPOSED_RECONCILE,WORKFLOW_COMPOSITION,aide-arch-editor;aide-p6-desktop-control;aide-arch-packaging-release;aide-windows-dev-reality;aide-agent-workflow-sop;aide-autonomous-workflow;aide-master-roadmap,"Compose this multi-step activity in a curated workflow/pack. Existing workbench flows are adjacent composition examples, not proof this target-domain workflow exists.",TRIAGE_ONLY_NOT_CERTIFIED
desktop-apps-reference-research,desktop-apps,reference-research,medium,PROPOSED_RECONCILE,WORKFLOW_COMPOSITION,aide-arch-editor;aide-p6-desktop-control;aide-arch-packaging-release;aide-windows-dev-reality;aide-agent-workflow-sop;aide-autonomous-workflow;aide-master-roadmap,"Compose this multi-step activity in a curated workflow/pack. Existing workbench flows are adjacent composition examples, not proof this target-domain workflow exists.",TRIAGE_ONLY_NOT_CERTIFIED
desktop-apps-architecture-plan,desktop-apps,architecture-plan,medium,PROPOSED_RECONCILE,WORKFLOW_COMPOSITION,aide-arch-editor;aide-p6-desktop-control;aide-arch-packaging-release;aide-windows-dev-reality;aide-agent-workflow-sop;aide-autonomous-workflow;aide-master-roadmap,"Compose this multi-step activity in a curated workflow/pack. Existing workbench flows are adjacent composition examples, not proof this target-domain workflow exists.",TRIAGE_ONLY_NOT_CERTIFIED
desktop-apps-interface-contract,desktop-apps,interface-contract,medium,PROPOSED_RECONCILE,MISSING_HIGH_VALUE,aide-arch-editor;aide-p6-desktop-control;aide-arch-packaging-release;aide-windows-dev-reality,No operation-specific match was found in the curated domain skill family; prioritize because the catalog marks it high risk or the domain is on the current software-product/release path.,TRIAGE_ONLY_NOT_CERTIFIED
desktop-apps-data-contract,desktop-apps,data-contract,medium,PROPOSED_RECONCILE,PARTIALLY_SATISFIED,aide-arch-editor,"Related domain skill text exists, but it lacks the supplied formal contract and coordinate-level routing/certification evidence.",TRIAGE_ONLY_NOT_CERTIFIED
desktop-apps-implementation-plan,desktop-apps,implementation-plan,medium,PROPOSED_RECONCILE,WORKFLOW_COMPOSITION,aide-arch-editor;aide-p6-desktop-control;aide-arch-packaging-release;aide-windows-dev-reality;aide-agent-workflow-sop;aide-autonomous-workflow;aide-master-roadmap,"Compose this multi-step activity in a curated workflow/pack. Existing workbench flows are adjacent composition examples, not proof this target-domain workflow exists.",TRIAGE_ONLY_NOT_CERTIFIED
desktop-apps-prototype,desktop-apps,prototype,medium,PROPOSED_RECONCILE,WORKFLOW_COMPOSITION,aide-arch-editor;aide-p6-desktop-control;aide-arch-packaging-release;aide-windows-dev-reality;aide-agent-workflow-sop;aide-autonomous-workflow;aide-master-roadmap,"Compose this multi-step activity in a curated workflow/pack. Existing workbench flows are adjacent composition examples, not proof this target-domain workflow exists.",TRIAGE_ONLY_NOT_CERTIFIED
desktop-apps-implementation,desktop-apps,implementation,medium,PROPOSED_RECONCILE,WORKFLOW_COMPOSITION,aide-arch-editor;aide-p6-desktop-control;aide-arch-packaging-release;aide-windows-dev-reality;aide-agent-workflow-sop;aide-autonomous-workflow;aide-master-roadmap,"Compose this multi-step activity in a curated workflow/pack. Existing workbench flows are adjacent composition examples, not proof this target-domain workflow exists.",TRIAGE_ONLY_NOT_CERTIFIED
desktop-apps-integration,desktop-apps,integration,medium,PROPOSED_RECONCILE,WORKFLOW_COMPOSITION,aide-arch-editor;aide-p6-desktop-control;aide-arch-packaging-release;aide-windows-dev-reality;aide-agent-workflow-sop;aide-autonomous-workflow;aide-master-roadmap,"Compose this multi-step activity in a curated workflow/pack. Existing workbench flows are adjacent composition examples, not proof this target-domain workflow exists.",TRIAGE_ONLY_NOT_CERTIFIED
desktop-apps-configuration,desktop-apps,configuration,medium,PROPOSED_RECONCILE,WORKFLOW_COMPOSITION,aide-arch-editor;aide-p6-desktop-control;aide-arch-packaging-release;aide-windows-dev-reality;aide-agent-workflow-sop;aide-autonomous-workflow;aide-master-roadmap,"Compose this multi-step activity in a curated workflow/pack. Existing workbench flows are adjacent composition examples, not proof this target-domain workflow exists.",TRIAGE_ONLY_NOT_CERTIFIED
desktop-apps-migration,desktop-apps,migration,medium,PROPOSED_RECONCILE,WORKFLOW_COMPOSITION,aide-arch-editor;aide-p6-desktop-control;aide-arch-packaging-release;aide-windows-dev-reality;aide-agent-workflow-sop;aide-autonomous-workflow;aide-master-roadmap,"Compose this multi-step activity in a curated workflow/pack. Existing workbench flows are adjacent composition examples, not proof this target-domain workflow exists.",TRIAGE_ONLY_NOT_CERTIFIED
desktop-apps-compatibility,desktop-apps,compatibility,medium,PROPOSED_RECONCILE,PARTIALLY_SATISFIED,aide-windows-dev-reality,"Related domain skill text exists, but it lacks the supplied formal contract and coordinate-level routing/certification evidence.",TRIAGE_ONLY_NOT_CERTIFIED
desktop-apps-error-handling,desktop-apps,error-handling,medium,PROPOSED_RECONCILE,PARTIALLY_SATISFIED,aide-p6-desktop-control;aide-windows-dev-reality,"Related domain skill text exists, but it lacks the supplied formal contract and coordinate-level routing/certification evidence.",TRIAGE_ONLY_NOT_CERTIFIED
desktop-apps-edge-cases,desktop-apps,edge-cases,medium,PROPOSED_RECONCILE,PARTIALLY_SATISFIED,aide-p6-desktop-control,"Related domain skill text exists, but it lacks the supplied formal contract and coordinate-level routing/certification evidence.",TRIAGE_ONLY_NOT_CERTIFIED
desktop-apps-security-review,desktop-apps,security-review,high,PROPOSED_RECONCILE,SOP_GOVERNED,aide-security-hardening;aide-supply-chain-audit;developer-way,Govern this cross-cutting procedure once through the named SOP family; add domain-specific checks only where evidence requires them.,TRIAGE_ONLY_NOT_CERTIFIED
desktop-apps-privacy-review,desktop-apps,privacy-review,medium,PROPOSED_RECONCILE,SOP_GOVERNED,covert-context-control;aide-offline-agent-loop;aide-secrets-handling-protocol;developer-way,Govern this cross-cutting procedure once through the named SOP family; add domain-specific checks only where evidence requires them.,TRIAGE_ONLY_NOT_CERTIFIED
desktop-apps-accessibility-review,desktop-apps,accessibility-review,medium,PROPOSED_RECONCILE,MISSING_HIGH_VALUE,aide-arch-editor;aide-p6-desktop-control;aide-arch-packaging-release;aide-windows-dev-reality,No operation-specific match was found in the curated domain skill family; prioritize because the catalog marks it high risk or the domain is on the current software-product/release path.,TRIAGE_ONLY_NOT_CERTIFIED
desktop-apps-performance-budget,desktop-apps,performance-budget,medium,PROPOSED_RECONCILE,MISSING_HIGH_VALUE,aide-arch-editor;aide-p6-desktop-control;aide-arch-packaging-release;aide-windows-dev-reality,No operation-specific match was found in the curated domain skill family; prioritize because the catalog marks it high risk or the domain is on the current software-product/release path.,TRIAGE_ONLY_NOT_CERTIFIED
desktop-apps-performance-profile,desktop-apps,performance-profile,medium,PROPOSED_RECONCILE,MISSING_HIGH_VALUE,aide-arch-editor;aide-p6-desktop-control;aide-arch-packaging-release;aide-windows-dev-reality,No operation-specific match was found in the curated domain skill family; prioritize because the catalog marks it high risk or the domain is on the current software-product/release path.,TRIAGE_ONLY_NOT_CERTIFIED
desktop-apps-unit-verification,desktop-apps,unit-verification,medium,PROPOSED_RECONCILE,NOT_APPROPRIATE_AS_SKILL,aide-task-verification-battery;aide-veritas-layer;aide-pre-push-gate,This is a deterministic verification/evidence outcome; expose the gate in a workflow and record its result instead of relying on prompt instructions.,TRIAGE_ONLY_NOT_CERTIFIED
desktop-apps-integration-verification,desktop-apps,integration-verification,medium,PROPOSED_RECONCILE,NOT_APPROPRIATE_AS_SKILL,aide-task-verification-battery;aide-veritas-layer;aide-pre-push-gate,This is a deterministic verification/evidence outcome; expose the gate in a workflow and record its result instead of relying on prompt instructions.,TRIAGE_ONLY_NOT_CERTIFIED
desktop-apps-e2e-verification,desktop-apps,e2e-verification,medium,PROPOSED_RECONCILE,NOT_APPROPRIATE_AS_SKILL,aide-task-verification-battery;aide-veritas-layer;aide-pre-push-gate,This is a deterministic verification/evidence outcome; expose the gate in a workflow and record its result instead of relying on prompt instructions.,TRIAGE_ONLY_NOT_CERTIFIED
desktop-apps-negative-testing,desktop-apps,negative-testing,medium,PROPOSED_RECONCILE,MISSING_HIGH_VALUE,aide-arch-editor;aide-p6-desktop-control;aide-arch-packaging-release;aide-windows-dev-reality,No operation-specific match was found in the curated domain skill family; prioritize because the catalog marks it high risk or the domain is on the current software-product/release path.,TRIAGE_ONLY_NOT_CERTIFIED
desktop-apps-fault-injection,desktop-apps,fault-injection,medium,PROPOSED_RECONCILE,MISSING_HIGH_VALUE,aide-arch-editor;aide-p6-desktop-control;aide-arch-packaging-release;aide-windows-dev-reality,No operation-specific match was found in the curated domain skill family; prioritize because the catalog marks it high risk or the domain is on the current software-product/release path.,TRIAGE_ONLY_NOT_CERTIFIED
desktop-apps-cross-platform-check,desktop-apps,cross-platform-check,medium,PROPOSED_RECONCILE,WORKFLOW_COMPOSITION,aide-arch-editor;aide-p6-desktop-control;aide-arch-packaging-release;aide-windows-dev-reality;aide-agent-workflow-sop;aide-autonomous-workflow;aide-master-roadmap,"Compose this multi-step activity in a curated workflow/pack. Existing workbench flows are adjacent composition examples, not proof this target-domain workflow exists.",TRIAGE_ONLY_NOT_CERTIFIED
desktop-apps-offline-check,desktop-apps,offline-check,medium,PROPOSED_RECONCILE,WORKFLOW_COMPOSITION,aide-arch-editor;aide-p6-desktop-control;aide-arch-packaging-release;aide-windows-dev-reality;aide-agent-workflow-sop;aide-autonomous-workflow;aide-master-roadmap,"Compose this multi-step activity in a curated workflow/pack. Existing workbench flows are adjacent composition examples, not proof this target-domain workflow exists.",TRIAGE_ONLY_NOT_CERTIFIED
desktop-apps-restart-recovery,desktop-apps,restart-recovery,medium,PROPOSED_RECONCILE,WORKFLOW_COMPOSITION,aide-arch-editor;aide-p6-desktop-control;aide-arch-packaging-release;aide-windows-dev-reality;aide-agent-workflow-sop;aide-autonomous-workflow;aide-master-roadmap,"Compose this multi-step activity in a curated workflow/pack. Existing workbench flows are adjacent composition examples, not proof this target-domain workflow exists.",TRIAGE_ONLY_NOT_CERTIFIED
desktop-apps-observability,desktop-apps,observability,medium,PROPOSED_RECONCILE,MISSING_HIGH_VALUE,aide-arch-editor;aide-p6-desktop-control;aide-arch-packaging-release;aide-windows-dev-reality,No operation-specific match was found in the curated domain skill family; prioritize because the catalog marks it high risk or the domain is on the current software-product/release path.,TRIAGE_ONLY_NOT_CERTIFIED
desktop-apps-logging-diagnostics,desktop-apps,logging-diagnostics,medium,PROPOSED_RECONCILE,PARTIALLY_SATISFIED,aide-arch-editor;aide-windows-dev-reality,"Related domain skill text exists, but it lacks the supplied formal contract and coordinate-level routing/certification evidence.",TRIAGE_ONLY_NOT_CERTIFIED
desktop-apps-documentation,desktop-apps,documentation,medium,PROPOSED_RECONCILE,PARTIALLY_SATISFIED,aide-p6-desktop-control;aide-arch-packaging-release;aide-windows-dev-reality,"Related domain skill text exists, but it lacks the supplied formal contract and coordinate-level routing/certification evidence.",TRIAGE_ONLY_NOT_CERTIFIED
desktop-apps-operator-runbook,desktop-apps,operator-runbook,medium,PROPOSED_RECONCILE,SOP_GOVERNED,agent-notes;aide-aide-stack-launch-and-recover;developer-way,Govern this cross-cutting procedure once through the named SOP family; add domain-specific checks only where evidence requires them.,TRIAGE_ONLY_NOT_CERTIFIED
desktop-apps-code-review,desktop-apps,code-review,medium,PROPOSED_RECONCILE,SOP_GOVERNED,aide-release-engineering;aide-arch-test-fixes;aide-pre-push-gate;developer-way,Govern this cross-cutting procedure once through the named SOP family; add domain-specific checks only where evidence requires them.,TRIAGE_ONLY_NOT_CERTIFIED
desktop-apps-regression-analysis,desktop-apps,regression-analysis,medium,PROPOSED_RECONCILE,SOP_GOVERNED,aide-arch-test-fixes;aide-task-verification-battery;developer-way,Govern this cross-cutting procedure once through the named SOP family; add domain-specific checks only where evidence requires them.,TRIAGE_ONLY_NOT_CERTIFIED
desktop-apps-root-cause-repair,desktop-apps,root-cause-repair,medium,PROPOSED_RECONCILE,SOP_GOVERNED,aide-debugging-discipline;aide-unified-diff-repair;ask-dont-circle;developer-way,Govern this cross-cutting procedure once through the named SOP family; add domain-specific checks only where evidence requires them.,TRIAGE_ONLY_NOT_CERTIFIED
desktop-apps-dependency-audit,desktop-apps,dependency-audit,medium,PROPOSED_RECONCILE,SOP_GOVERNED,aide-supply-chain-audit;aide-arch-packaging-release;aide-ci-diagnostics,Govern this cross-cutting procedure once through the named SOP family; add domain-specific checks only where evidence requires them.,TRIAGE_ONLY_NOT_CERTIFIED
desktop-apps-release-readiness,desktop-apps,release-readiness,high,PROPOSED_RECONCILE,WORKFLOW_COMPOSITION,aide-arch-editor;aide-p6-desktop-control;aide-arch-packaging-release;aide-windows-dev-reality;aide-agent-workflow-sop;aide-autonomous-workflow;aide-master-roadmap,"Compose this multi-step activity in a curated workflow/pack. Existing workbench flows are adjacent composition examples, not proof this target-domain workflow exists.",TRIAGE_ONLY_NOT_CERTIFIED
desktop-apps-evidence-capture,desktop-apps,evidence-capture,medium,PROPOSED_RECONCILE,NOT_APPROPRIATE_AS_SKILL,aide-task-verification-battery;aide-veritas-layer;aide-pre-push-gate,This is a deterministic verification/evidence outcome; expose the gate in a workflow and record its result instead of relying on prompt instructions.,TRIAGE_ONLY_NOT_CERTIFIED
desktop-apps-post-acceptance-monitoring,desktop-apps,post-acceptance-monitoring,medium,PROPOSED_RECONCILE,WORKFLOW_COMPOSITION,aide-arch-editor;aide-p6-desktop-control;aide-arch-packaging-release;aide-windows-dev-reality;aide-agent-workflow-sop;aide-autonomous-workflow;aide-master-roadmap,"Compose this multi-step activity in a curated workflow/pack. Existing workbench flows are adjacent composition examples, not proof this target-domain workflow exists.",TRIAGE_ONLY_NOT_CERTIFIED
desktop-apps-maintenance-upgrade,desktop-apps,maintenance-upgrade,medium,PROPOSED_RECONCILE,WORKFLOW_COMPOSITION,aide-arch-editor;aide-p6-desktop-control;aide-arch-packaging-release;aide-windows-dev-reality;aide-agent-workflow-sop;aide-autonomous-workflow;aide-master-roadmap,"Compose this multi-step activity in a curated workflow/pack. Existing workbench flows are adjacent composition examples, not proof this target-domain workflow exists.",TRIAGE_ONLY_NOT_CERTIFIED
mobile-apps-requirements-discovery,mobile-apps,requirements-discovery,medium,PROPOSED_RECONCILE,WORKFLOW_COMPOSITION,aide-android-build;aide-phase8-android-build;aide-agent-workflow-sop;aide-autonomous-workflow;aide-master-roadmap,"Compose this multi-step activity in a curated workflow/pack. Existing workbench flows are adjacent composition examples, not proof this target-domain workflow exists.",TRIAGE_ONLY_NOT_CERTIFIED
mobile-apps-environment-inspection,mobile-apps,environment-inspection,medium,PROPOSED_RECONCILE,WORKFLOW_COMPOSITION,aide-android-build;aide-phase8-android-build;aide-agent-workflow-sop;aide-autonomous-workflow;aide-master-roadmap,"Compose this multi-step activity in a curated workflow/pack. Existing workbench flows are adjacent composition examples, not proof this target-domain workflow exists.",TRIAGE_ONLY_NOT_CERTIFIED
mobile-apps-reference-research,mobile-apps,reference-research,medium,PROPOSED_RECONCILE,WORKFLOW_COMPOSITION,aide-android-build;aide-phase8-android-build;aide-agent-workflow-sop;aide-autonomous-workflow;aide-master-roadmap,"Compose this multi-step activity in a curated workflow/pack. Existing workbench flows are adjacent composition examples, not proof this target-domain workflow exists.",TRIAGE_ONLY_NOT_CERTIFIED
mobile-apps-architecture-plan,mobile-apps,architecture-plan,medium,PROPOSED_RECONCILE,WORKFLOW_COMPOSITION,aide-android-build;aide-phase8-android-build;aide-agent-workflow-sop;aide-autonomous-workflow;aide-master-roadmap,"Compose this multi-step activity in a curated workflow/pack. Existing workbench flows are adjacent composition examples, not proof this target-domain workflow exists.",TRIAGE_ONLY_NOT_CERTIFIED
mobile-apps-interface-contract,mobile-apps,interface-contract,medium,PROPOSED_RECONCILE,MISSING_HIGH_VALUE,aide-android-build;aide-phase8-android-build,No operation-specific match was found in the curated domain skill family; prioritize because the catalog marks it high risk or the domain is on the current software-product/release path.,TRIAGE_ONLY_NOT_CERTIFIED
mobile-apps-data-contract,mobile-apps,data-contract,medium,PROPOSED_RECONCILE,MISSING_HIGH_VALUE,aide-android-build;aide-phase8-android-build,No operation-specific match was found in the curated domain skill family; prioritize because the catalog marks it high risk or the domain is on the current software-product/release path.,TRIAGE_ONLY_NOT_CERTIFIED
mobile-apps-implementation-plan,mobile-apps,implementation-plan,medium,PROPOSED_RECONCILE,WORKFLOW_COMPOSITION,aide-android-build;aide-phase8-android-build;aide-agent-workflow-sop;aide-autonomous-workflow;aide-master-roadmap,"Compose this multi-step activity in a curated workflow/pack. Existing workbench flows are adjacent composition examples, not proof this target-domain workflow exists.",TRIAGE_ONLY_NOT_CERTIFIED
mobile-apps-prototype,mobile-apps,prototype,medium,PROPOSED_RECONCILE,WORKFLOW_COMPOSITION,aide-android-build;aide-phase8-android-build;aide-agent-workflow-sop;aide-autonomous-workflow;aide-master-roadmap,"Compose this multi-step activity in a curated workflow/pack. Existing workbench flows are adjacent composition examples, not proof this target-domain workflow exists.",TRIAGE_ONLY_NOT_CERTIFIED
mobile-apps-implementation,mobile-apps,implementation,medium,PROPOSED_RECONCILE,WORKFLOW_COMPOSITION,aide-android-build;aide-phase8-android-build;aide-agent-workflow-sop;aide-autonomous-workflow;aide-master-roadmap,"Compose this multi-step activity in a curated workflow/pack. Existing workbench flows are adjacent composition examples, not proof this target-domain workflow exists.",TRIAGE_ONLY_NOT_CERTIFIED
mobile-apps-integration,mobile-apps,integration,medium,PROPOSED_RECONCILE,WORKFLOW_COMPOSITION,aide-android-build;aide-phase8-android-build;aide-agent-workflow-sop;aide-autonomous-workflow;aide-master-roadmap,"Compose this multi-step activity in a curated workflow/pack. Existing workbench flows are adjacent composition examples, not proof this target-domain workflow exists.",TRIAGE_ONLY_NOT_CERTIFIED
mobile-apps-configuration,mobile-apps,configuration,medium,PROPOSED_RECONCILE,WORKFLOW_COMPOSITION,aide-android-build;aide-phase8-android-build;aide-agent-workflow-sop;aide-autonomous-workflow;aide-master-roadmap,"Compose this multi-step activity in a curated workflow/pack. Existing workbench flows are adjacent composition examples, not proof this target-domain workflow exists.",TRIAGE_ONLY_NOT_CERTIFIED
mobile-apps-migration,mobile-apps,migration,medium,PROPOSED_RECONCILE,WORKFLOW_COMPOSITION,aide-android-build;aide-phase8-android-build;aide-agent-workflow-sop;aide-autonomous-workflow;aide-master-roadmap,"Compose this multi-step activity in a curated workflow/pack. Existing workbench flows are adjacent composition examples, not proof this target-domain workflow exists.",TRIAGE_ONLY_NOT_CERTIFIED
mobile-apps-compatibility,mobile-apps,compatibility,medium,PROPOSED_RECONCILE,MISSING_HIGH_VALUE,aide-android-build;aide-phase8-android-build,No operation-specific match was found in the curated domain skill family; prioritize because the catalog marks it high risk or the domain is on the current software-product/release path.,TRIAGE_ONLY_NOT_CERTIFIED
mobile-apps-error-handling,mobile-apps,error-handling,medium,PROPOSED_RECONCILE,PARTIALLY_SATISFIED,aide-phase8-android-build,"Related domain skill text exists, but it lacks the supplied formal contract and coordinate-level routing/certification evidence.",TRIAGE_ONLY_NOT_CERTIFIED
mobile-apps-edge-cases,mobile-apps,edge-cases,medium,PROPOSED_RECONCILE,MISSING_HIGH_VALUE,aide-android-build;aide-phase8-android-build,No operation-specific match was found in the curated domain skill family; prioritize because the catalog marks it high risk or the domain is on the current software-product/release path.,TRIAGE_ONLY_NOT_CERTIFIED
mobile-apps-security-review,mobile-apps,security-review,high,PROPOSED_RECONCILE,SOP_GOVERNED,aide-security-hardening;aide-supply-chain-audit;developer-way,Govern this cross-cutting procedure once through the named SOP family; add domain-specific checks only where evidence requires them.,TRIAGE_ONLY_NOT_CERTIFIED
mobile-apps-privacy-review,mobile-apps,privacy-review,medium,PROPOSED_RECONCILE,SOP_GOVERNED,covert-context-control;aide-offline-agent-loop;aide-secrets-handling-protocol;developer-way,Govern this cross-cutting procedure once through the named SOP family; add domain-specific checks only where evidence requires them.,TRIAGE_ONLY_NOT_CERTIFIED
mobile-apps-accessibility-review,mobile-apps,accessibility-review,medium,PROPOSED_RECONCILE,MISSING_HIGH_VALUE,aide-android-build;aide-phase8-android-build,No operation-specific match was found in the curated domain skill family; prioritize because the catalog marks it high risk or the domain is on the current software-product/release path.,TRIAGE_ONLY_NOT_CERTIFIED
mobile-apps-performance-budget,mobile-apps,performance-budget,medium,PROPOSED_RECONCILE,MISSING_HIGH_VALUE,aide-android-build;aide-phase8-android-build,No operation-specific match was found in the curated domain skill family; prioritize because the catalog marks it high risk or the domain is on the current software-product/release path.,TRIAGE_ONLY_NOT_CERTIFIED
mobile-apps-performance-profile,mobile-apps,performance-profile,medium,PROPOSED_RECONCILE,MISSING_HIGH_VALUE,aide-android-build;aide-phase8-android-build,No operation-specific match was found in the curated domain skill family; prioritize because the catalog marks it high risk or the domain is on the current software-product/release path.,TRIAGE_ONLY_NOT_CERTIFIED
mobile-apps-unit-verification,mobile-apps,unit-verification,medium,PROPOSED_RECONCILE,NOT_APPROPRIATE_AS_SKILL,aide-task-verification-battery;aide-veritas-layer;aide-pre-push-gate,This is a deterministic verification/evidence outcome; expose the gate in a workflow and record its result instead of relying on prompt instructions.,TRIAGE_ONLY_NOT_CERTIFIED
mobile-apps-integration-verification,mobile-apps,integration-verification,medium,PROPOSED_RECONCILE,NOT_APPROPRIATE_AS_SKILL,aide-task-verification-battery;aide-veritas-layer;aide-pre-push-gate,This is a deterministic verification/evidence outcome; expose the gate in a workflow and record its result instead of relying on prompt instructions.,TRIAGE_ONLY_NOT_CERTIFIED
mobile-apps-e2e-verification,mobile-apps,e2e-verification,medium,PROPOSED_RECONCILE,NOT_APPROPRIATE_AS_SKILL,aide-task-verification-battery;aide-veritas-layer;aide-pre-push-gate,This is a deterministic verification/evidence outcome; expose the gate in a workflow and record its result instead of relying on prompt instructions.,TRIAGE_ONLY_NOT_CERTIFIED
mobile-apps-negative-testing,mobile-apps,negative-testing,medium,PROPOSED_RECONCILE,MISSING_HIGH_VALUE,aide-android-build;aide-phase8-android-build,No operation-specific match was found in the curated domain skill family; prioritize because the catalog marks it high risk or the domain is on the current software-product/release path.,TRIAGE_ONLY_NOT_CERTIFIED
mobile-apps-fault-injection,mobile-apps,fault-injection,medium,PROPOSED_RECONCILE,MISSING_HIGH_VALUE,aide-android-build;aide-phase8-android-build,No operation-specific match was found in the curated domain skill family; prioritize because the catalog marks it high risk or the domain is on the current software-product/release path.,TRIAGE_ONLY_NOT_CERTIFIED
mobile-apps-cross-platform-check,mobile-apps,cross-platform-check,medium,PROPOSED_RECONCILE,WORKFLOW_COMPOSITION,aide-android-build;aide-phase8-android-build;aide-agent-workflow-sop;aide-autonomous-workflow;aide-master-roadmap,"Compose this multi-step activity in a curated workflow/pack. Existing workbench flows are adjacent composition examples, not proof this target-domain workflow exists.",TRIAGE_ONLY_NOT_CERTIFIED
mobile-apps-offline-check,mobile-apps,offline-check,medium,PROPOSED_RECONCILE,WORKFLOW_COMPOSITION,aide-android-build;aide-phase8-android-build;aide-agent-workflow-sop;aide-autonomous-workflow;aide-master-roadmap,"Compose this multi-step activity in a curated workflow/pack. Existing workbench flows are adjacent composition examples, not proof this target-domain workflow exists.",TRIAGE_ONLY_NOT_CERTIFIED
mobile-apps-restart-recovery,mobile-apps,restart-recovery,medium,PROPOSED_RECONCILE,WORKFLOW_COMPOSITION,aide-android-build;aide-phase8-android-build;aide-agent-workflow-sop;aide-autonomous-workflow;aide-master-roadmap,"Compose this multi-step activity in a curated workflow/pack. Existing workbench flows are adjacent composition examples, not proof this target-domain workflow exists.",TRIAGE_ONLY_NOT_CERTIFIED
mobile-apps-observability,mobile-apps,observability,medium,PROPOSED_RECONCILE,PARTIALLY_SATISFIED,aide-phase8-android-build,"Related domain skill text exists, but it lacks the supplied formal contract and coordinate-level routing/certification evidence.",TRIAGE_ONLY_NOT_CERTIFIED
mobile-apps-logging-diagnostics,mobile-apps,logging-diagnostics,medium,PROPOSED_RECONCILE,PARTIALLY_SATISFIED,aide-phase8-android-build,"Related domain skill text exists, but it lacks the supplied formal contract and coordinate-level routing/certification evidence.",TRIAGE_ONLY_NOT_CERTIFIED
mobile-apps-documentation,mobile-apps,documentation,medium,PROPOSED_RECONCILE,PARTIALLY_SATISFIED,aide-phase8-android-build,"Related domain skill text exists, but it lacks the supplied formal contract and coordinate-level routing/certification evidence.",TRIAGE_ONLY_NOT_CERTIFIED
mobile-apps-operator-runbook,mobile-apps,operator-runbook,medium,PROPOSED_RECONCILE,SOP_GOVERNED,agent-notes;aide-aide-stack-launch-and-recover;developer-way,Govern this cross-cutting procedure once through the named SOP family; add domain-specific checks only where evidence requires them.,TRIAGE_ONLY_NOT_CERTIFIED
mobile-apps-code-review,mobile-apps,code-review,medium,PROPOSED_RECONCILE,SOP_GOVERNED,aide-release-engineering;aide-arch-test-fixes;aide-pre-push-gate;developer-way,Govern this cross-cutting procedure once through the named SOP family; add domain-specific checks only where evidence requires them.,TRIAGE_ONLY_NOT_CERTIFIED
mobile-apps-regression-analysis,mobile-apps,regression-analysis,medium,PROPOSED_RECONCILE,SOP_GOVERNED,aide-arch-test-fixes;aide-task-verification-battery;developer-way,Govern this cross-cutting procedure once through the named SOP family; add domain-specific checks only where evidence requires them.,TRIAGE_ONLY_NOT_CERTIFIED
mobile-apps-root-cause-repair,mobile-apps,root-cause-repair,medium,PROPOSED_RECONCILE,SOP_GOVERNED,aide-debugging-discipline;aide-unified-diff-repair;ask-dont-circle;developer-way,Govern this cross-cutting procedure once through the named SOP family; add domain-specific checks only where evidence requires them.,TRIAGE_ONLY_NOT_CERTIFIED
mobile-apps-dependency-audit,mobile-apps,dependency-audit,medium,PROPOSED_RECONCILE,SOP_GOVERNED,aide-supply-chain-audit;aide-arch-packaging-release;aide-ci-diagnostics,Govern this cross-cutting procedure once through the named SOP family; add domain-specific checks only where evidence requires them.,TRIAGE_ONLY_NOT_CERTIFIED
mobile-apps-release-readiness,mobile-apps,release-readiness,high,PROPOSED_RECONCILE,WORKFLOW_COMPOSITION,aide-android-build;aide-phase8-android-build;aide-agent-workflow-sop;aide-autonomous-workflow;aide-master-roadmap,"Compose this multi-step activity in a curated workflow/pack. Existing workbench flows are adjacent composition examples, not proof this target-domain workflow exists.",TRIAGE_ONLY_NOT_CERTIFIED
mobile-apps-evidence-capture,mobile-apps,evidence-capture,medium,PROPOSED_RECONCILE,NOT_APPROPRIATE_AS_SKILL,aide-task-verification-battery;aide-veritas-layer;aide-pre-push-gate,This is a deterministic verification/evidence outcome; expose the gate in a workflow and record its result instead of relying on prompt instructions.,TRIAGE_ONLY_NOT_CERTIFIED
mobile-apps-post-acceptance-monitoring,mobile-apps,post-acceptance-monitoring,medium,PROPOSED_RECONCILE,WORKFLOW_COMPOSITION,aide-android-build;aide-phase8-android-build;aide-agent-workflow-sop;aide-autonomous-workflow;aide-master-roadmap,"Compose this multi-step activity in a curated workflow/pack. Existing workbench flows are adjacent composition examples, not proof this target-domain workflow exists.",TRIAGE_ONLY_NOT_CERTIFIED
mobile-apps-maintenance-upgrade,mobile-apps,maintenance-upgrade,medium,PROPOSED_RECONCILE,WORKFLOW_COMPOSITION,aide-android-build;aide-phase8-android-build;aide-agent-workflow-sop;aide-autonomous-workflow;aide-master-roadmap,"Compose this multi-step activity in a curated workflow/pack. Existing workbench flows are adjacent composition examples, not proof this target-domain workflow exists.",TRIAGE_ONLY_NOT_CERTIFIED
cli-terminal-requirements-discovery,cli-terminal,requirements-discovery,medium,PROPOSED_RECONCILE,WORKFLOW_COMPOSITION,aide-arch-terminal;aide-arch-git;aide-aide-stack-launch-and-recover;aide-agent-workflow-sop;aide-autonomous-workflow;aide-master-roadmap,"Compose this multi-step activity in a curated workflow/pack. Existing workbench flows are adjacent composition examples, not proof this target-domain workflow exists.",TRIAGE_ONLY_NOT_CERTIFIED
cli-terminal-environment-inspection,cli-terminal,environment-inspection,medium,PROPOSED_RECONCILE,WORKFLOW_COMPOSITION,aide-arch-terminal;aide-arch-git;aide-aide-stack-launch-and-recover;aide-agent-workflow-sop;aide-autonomous-workflow;aide-master-roadmap,"Compose this multi-step activity in a curated workflow/pack. Existing workbench flows are adjacent composition examples, not proof this target-domain workflow exists.",TRIAGE_ONLY_NOT_CERTIFIED
cli-terminal-reference-research,cli-terminal,reference-research,medium,PROPOSED_RECONCILE,WORKFLOW_COMPOSITION,aide-arch-terminal;aide-arch-git;aide-aide-stack-launch-and-recover;aide-agent-workflow-sop;aide-autonomous-workflow;aide-master-roadmap,"Compose this multi-step activity in a curated workflow/pack. Existing workbench flows are adjacent composition examples, not proof this target-domain workflow exists.",TRIAGE_ONLY_NOT_CERTIFIED
cli-terminal-architecture-plan,cli-terminal,architecture-plan,medium,PROPOSED_RECONCILE,WORKFLOW_COMPOSITION,aide-arch-terminal;aide-arch-git;aide-aide-stack-launch-and-recover;aide-agent-workflow-sop;aide-autonomous-workflow;aide-master-roadmap,"Compose this multi-step activity in a curated workflow/pack. Existing workbench flows are adjacent composition examples, not proof this target-domain workflow exists.",TRIAGE_ONLY_NOT_CERTIFIED
cli-terminal-interface-contract,cli-terminal,interface-contract,medium,PROPOSED_RECONCILE,MISSING_HIGH_VALUE,aide-arch-terminal;aide-arch-git;aide-aide-stack-launch-and-recover,No operation-specific match was found in the curated domain skill family; prioritize because the catalog marks it high risk or the domain is on the current software-product/release path.,TRIAGE_ONLY_NOT_CERTIFIED
cli-terminal-data-contract,cli-terminal,data-contract,medium,PROPOSED_RECONCILE,MISSING_HIGH_VALUE,aide-arch-terminal;aide-arch-git;aide-aide-stack-launch-and-recover,No operation-specific match was found in the curated domain skill family; prioritize because the catalog marks it high risk or the domain is on the current software-product/release path.,TRIAGE_ONLY_NOT_CERTIFIED
cli-terminal-implementation-plan,cli-terminal,implementation-plan,medium,PROPOSED_RECONCILE,WORKFLOW_COMPOSITION,aide-arch-terminal;aide-arch-git;aide-aide-stack-launch-and-recover;aide-agent-workflow-sop;aide-autonomous-workflow;aide-master-roadmap,"Compose this multi-step activity in a curated workflow/pack. Existing workbench flows are adjacent composition examples, not proof this target-domain workflow exists.",TRIAGE_ONLY_NOT_CERTIFIED
cli-terminal-prototype,cli-terminal,prototype,medium,PROPOSED_RECONCILE,WORKFLOW_COMPOSITION,aide-arch-terminal;aide-arch-git;aide-aide-stack-launch-and-recover;aide-agent-workflow-sop;aide-autonomous-workflow;aide-master-roadmap,"Compose this multi-step activity in a curated workflow/pack. Existing workbench flows are adjacent composition examples, not proof this target-domain workflow exists.",TRIAGE_ONLY_NOT_CERTIFIED
cli-terminal-implementation,cli-terminal,implementation,medium,PROPOSED_RECONCILE,WORKFLOW_COMPOSITION,aide-arch-terminal;aide-arch-git;aide-aide-stack-launch-and-recover;aide-agent-workflow-sop;aide-autonomous-workflow;aide-master-roadmap,"Compose this multi-step activity in a curated workflow/pack. Existing workbench flows are adjacent composition examples, not proof this target-domain workflow exists.",TRIAGE_ONLY_NOT_CERTIFIED
cli-terminal-integration,cli-terminal,integration,medium,PROPOSED_RECONCILE,WORKFLOW_COMPOSITION,aide-arch-terminal;aide-arch-git;aide-aide-stack-launch-and-recover;aide-agent-workflow-sop;aide-autonomous-workflow;aide-master-roadmap,"Compose this multi-step activity in a curated workflow/pack. Existing workbench flows are adjacent composition examples, not proof this target-domain workflow exists.",TRIAGE_ONLY_NOT_CERTIFIED
cli-terminal-configuration,cli-terminal,configuration,medium,PROPOSED_RECONCILE,WORKFLOW_COMPOSITION,aide-arch-terminal;aide-arch-git;aide-aide-stack-launch-and-recover;aide-agent-workflow-sop;aide-autonomous-workflow;aide-master-roadmap,"Compose this multi-step activity in a curated workflow/pack. Existing workbench flows are adjacent composition examples, not proof this target-domain workflow exists.",TRIAGE_ONLY_NOT_CERTIFIED
cli-terminal-migration,cli-terminal,migration,medium,PROPOSED_RECONCILE,WORKFLOW_COMPOSITION,aide-arch-terminal;aide-arch-git;aide-aide-stack-launch-and-recover;aide-agent-workflow-sop;aide-autonomous-workflow;aide-master-roadmap,"Compose this multi-step activity in a curated workflow/pack. Existing workbench flows are adjacent composition examples, not proof this target-domain workflow exists.",TRIAGE_ONLY_NOT_CERTIFIED
cli-terminal-compatibility,cli-terminal,compatibility,medium,PROPOSED_RECONCILE,PARTIALLY_SATISFIED,aide-arch-terminal;aide-aide-stack-launch-and-recover,"Related domain skill text exists, but it lacks the supplied formal contract and coordinate-level routing/certification evidence.",TRIAGE_ONLY_NOT_CERTIFIED
cli-terminal-error-handling,cli-terminal,error-handling,medium,PROPOSED_RECONCILE,PARTIALLY_SATISFIED,aide-arch-git;aide-aide-stack-launch-and-recover,"Related domain skill text exists, but it lacks the supplied formal contract and coordinate-level routing/certification evidence.",TRIAGE_ONLY_NOT_CERTIFIED
cli-terminal-edge-cases,cli-terminal,edge-cases,medium,PROPOSED_RECONCILE,PARTIALLY_SATISFIED,aide-aide-stack-launch-and-recover,"Related domain skill text exists, but it lacks the supplied formal contract and coordinate-level routing/certification evidence.",TRIAGE_ONLY_NOT_CERTIFIED
cli-terminal-security-review,cli-terminal,security-review,high,PROPOSED_RECONCILE,SOP_GOVERNED,aide-security-hardening;aide-supply-chain-audit;developer-way,Govern this cross-cutting procedure once through the named SOP family; add domain-specific checks only where evidence requires them.,TRIAGE_ONLY_NOT_CERTIFIED
cli-terminal-privacy-review,cli-terminal,privacy-review,medium,PROPOSED_RECONCILE,SOP_GOVERNED,covert-context-control;aide-offline-agent-loop;aide-secrets-handling-protocol;developer-way,Govern this cross-cutting procedure once through the named SOP family; add domain-specific checks only where evidence requires them.,TRIAGE_ONLY_NOT_CERTIFIED
cli-terminal-accessibility-review,cli-terminal,accessibility-review,medium,PROPOSED_RECONCILE,PARTIALLY_SATISFIED,aide-arch-terminal,"Related domain skill text exists, but it lacks the supplied formal contract and coordinate-level routing/certification evidence.",TRIAGE_ONLY_NOT_CERTIFIED
cli-terminal-performance-budget,cli-terminal,performance-budget,medium,PROPOSED_RECONCILE,MISSING_HIGH_VALUE,aide-arch-terminal;aide-arch-git;aide-aide-stack-launch-and-recover,No operation-specific match was found in the curated domain skill family; prioritize because the catalog marks it high risk or the domain is on the current software-product/release path.,TRIAGE_ONLY_NOT_CERTIFIED
cli-terminal-performance-profile,cli-terminal,performance-profile,medium,PROPOSED_RECONCILE,MISSING_HIGH_VALUE,aide-arch-terminal;aide-arch-git;aide-aide-stack-launch-and-recover,No operation-specific match was found in the curated domain skill family; prioritize because the catalog marks it high risk or the domain is on the current software-product/release path.,TRIAGE_ONLY_NOT_CERTIFIED
cli-terminal-unit-verification,cli-terminal,unit-verification,medium,PROPOSED_RECONCILE,NOT_APPROPRIATE_AS_SKILL,aide-task-verification-battery;aide-veritas-layer;aide-pre-push-gate,This is a deterministic verification/evidence outcome; expose the gate in a workflow and record its result instead of relying on prompt instructions.,TRIAGE_ONLY_NOT_CERTIFIED
cli-terminal-integration-verification,cli-terminal,integration-verification,medium,PROPOSED_RECONCILE,NOT_APPROPRIATE_AS_SKILL,aide-task-verification-battery;aide-veritas-layer;aide-pre-push-gate,This is a deterministic verification/evidence outcome; expose the gate in a workflow and record its result instead of relying on prompt instructions.,TRIAGE_ONLY_NOT_CERTIFIED
cli-terminal-e2e-verification,cli-terminal,e2e-verification,medium,PROPOSED_RECONCILE,NOT_APPROPRIATE_AS_SKILL,aide-task-verification-battery;aide-veritas-layer;aide-pre-push-gate,This is a deterministic verification/evidence outcome; expose the gate in a workflow and record its result instead of relying on prompt instructions.,TRIAGE_ONLY_NOT_CERTIFIED
cli-terminal-negative-testing,cli-terminal,negative-testing,medium,PROPOSED_RECONCILE,MISSING_HIGH_VALUE,aide-arch-terminal;aide-arch-git;aide-aide-stack-launch-and-recover,No operation-specific match was found in the curated domain skill family; prioritize because the catalog marks it high risk or the domain is on the current software-product/release path.,TRIAGE_ONLY_NOT_CERTIFIED
cli-terminal-fault-injection,cli-terminal,fault-injection,medium,PROPOSED_RECONCILE,MISSING_HIGH_VALUE,aide-arch-terminal;aide-arch-git;aide-aide-stack-launch-and-recover,No operation-specific match was found in the curated domain skill family; prioritize because the catalog marks it high risk or the domain is on the current software-product/release path.,TRIAGE_ONLY_NOT_CERTIFIED
cli-terminal-cross-platform-check,cli-terminal,cross-platform-check,medium,PROPOSED_RECONCILE,WORKFLOW_COMPOSITION,aide-arch-terminal;aide-arch-git;aide-aide-stack-launch-and-recover;aide-agent-workflow-sop;aide-autonomous-workflow;aide-master-roadmap,"Compose this multi-step activity in a curated workflow/pack. Existing workbench flows are adjacent composition examples, not proof this target-domain workflow exists.",TRIAGE_ONLY_NOT_CERTIFIED
cli-terminal-offline-check,cli-terminal,offline-check,medium,PROPOSED_RECONCILE,WORKFLOW_COMPOSITION,aide-arch-terminal;aide-arch-git;aide-aide-stack-launch-and-recover;aide-agent-workflow-sop;aide-autonomous-workflow;aide-master-roadmap,"Compose this multi-step activity in a curated workflow/pack. Existing workbench flows are adjacent composition examples, not proof this target-domain workflow exists.",TRIAGE_ONLY_NOT_CERTIFIED
cli-terminal-restart-recovery,cli-terminal,restart-recovery,medium,PROPOSED_RECONCILE,WORKFLOW_COMPOSITION,aide-arch-terminal;aide-arch-git;aide-aide-stack-launch-and-recover;aide-agent-workflow-sop;aide-autonomous-workflow;aide-master-roadmap,"Compose this multi-step activity in a curated workflow/pack. Existing workbench flows are adjacent composition examples, not proof this target-domain workflow exists.",TRIAGE_ONLY_NOT_CERTIFIED
cli-terminal-observability,cli-terminal,observability,medium,PROPOSED_RECONCILE,MISSING_HIGH_VALUE,aide-arch-terminal;aide-arch-git;aide-aide-stack-launch-and-recover,No operation-specific match was found in the curated domain skill family; prioritize because the catalog marks it high risk or the domain is on the current software-product/release path.,TRIAGE_ONLY_NOT_CERTIFIED
cli-terminal-logging-diagnostics,cli-terminal,logging-diagnostics,medium,PROPOSED_RECONCILE,MISSING_HIGH_VALUE,aide-arch-terminal;aide-arch-git;aide-aide-stack-launch-and-recover,No operation-specific match was found in the curated domain skill family; prioritize because the catalog marks it high risk or the domain is on the current software-product/release path.,TRIAGE_ONLY_NOT_CERTIFIED
cli-terminal-documentation,cli-terminal,documentation,medium,PROPOSED_RECONCILE,PARTIALLY_SATISFIED,aide-arch-terminal;aide-arch-git,"Related domain skill text exists, but it lacks the supplied formal contract and coordinate-level routing/certification evidence.",TRIAGE_ONLY_NOT_CERTIFIED
cli-terminal-operator-runbook,cli-terminal,operator-runbook,medium,PROPOSED_RECONCILE,SOP_GOVERNED,agent-notes;aide-aide-stack-launch-and-recover;developer-way,Govern this cross-cutting procedure once through the named SOP family; add domain-specific checks only where evidence requires them.,TRIAGE_ONLY_NOT_CERTIFIED
cli-terminal-code-review,cli-terminal,code-review,medium,PROPOSED_RECONCILE,SOP_GOVERNED,aide-release-engineering;aide-arch-test-fixes;aide-pre-push-gate;developer-way,Govern this cross-cutting procedure once through the named SOP family; add domain-specific checks only where evidence requires them.,TRIAGE_ONLY_NOT_CERTIFIED
cli-terminal-regression-analysis,cli-terminal,regression-analysis,medium,PROPOSED_RECONCILE,SOP_GOVERNED,aide-arch-test-fixes;aide-task-verification-battery;developer-way,Govern this cross-cutting procedure once through the named SOP family; add domain-specific checks only where evidence requires them.,TRIAGE_ONLY_NOT_CERTIFIED
cli-terminal-root-cause-repair,cli-terminal,root-cause-repair,medium,PROPOSED_RECONCILE,SOP_GOVERNED,aide-debugging-discipline;aide-unified-diff-repair;ask-dont-circle;developer-way,Govern this cross-cutting procedure once through the named SOP family; add domain-specific checks only where evidence requires them.,TRIAGE_ONLY_NOT_CERTIFIED
cli-terminal-dependency-audit,cli-terminal,dependency-audit,medium,PROPOSED_RECONCILE,SOP_GOVERNED,aide-supply-chain-audit;aide-arch-packaging-release;aide-ci-diagnostics,Govern this cross-cutting procedure once through the named SOP family; add domain-specific checks only where evidence requires them.,TRIAGE_ONLY_NOT_CERTIFIED
cli-terminal-release-readiness,cli-terminal,release-readiness,high,PROPOSED_RECONCILE,WORKFLOW_COMPOSITION,aide-arch-terminal;aide-arch-git;aide-aide-stack-launch-and-recover;aide-agent-workflow-sop;aide-autonomous-workflow;aide-master-roadmap,"Compose this multi-step activity in a curated workflow/pack. Existing workbench flows are adjacent composition examples, not proof this target-domain workflow exists.",TRIAGE_ONLY_NOT_CERTIFIED
cli-terminal-evidence-capture,cli-terminal,evidence-capture,medium,PROPOSED_RECONCILE,NOT_APPROPRIATE_AS_SKILL,aide-task-verification-battery;aide-veritas-layer;aide-pre-push-gate,This is a deterministic verification/evidence outcome; expose the gate in a workflow and record its result instead of relying on prompt instructions.,TRIAGE_ONLY_NOT_CERTIFIED
cli-terminal-post-acceptance-monitoring,cli-terminal,post-acceptance-monitoring,medium,PROPOSED_RECONCILE,WORKFLOW_COMPOSITION,aide-arch-terminal;aide-arch-git;aide-aide-stack-launch-and-recover;aide-agent-workflow-sop;aide-autonomous-workflow;aide-master-roadmap,"Compose this multi-step activity in a curated workflow/pack. Existing workbench flows are adjacent composition examples, not proof this target-domain workflow exists.",TRIAGE_ONLY_NOT_CERTIFIED
cli-terminal-maintenance-upgrade,cli-terminal,maintenance-upgrade,medium,PROPOSED_RECONCILE,WORKFLOW_COMPOSITION,aide-arch-terminal;aide-arch-git;aide-aide-stack-launch-and-recover;aide-agent-workflow-sop;aide-autonomous-workflow;aide-master-roadmap,"Compose this multi-step activity in a curated workflow/pack. Existing workbench flows are adjacent composition examples, not proof this target-domain workflow exists.",TRIAGE_ONLY_NOT_CERTIFIED
data-engineering-requirements-discovery,data-engineering,requirements-discovery,medium,PROPOSED_RECONCILE,WORKFLOW_COMPOSITION,corpus-curation;cipher-data-pipeline;synthetic-data-pipeline;textbook-quality-data-acquisition;aide-agent-workflow-sop;aide-autonomous-workflow;aide-master-roadmap,"Compose this multi-step activity in a curated workflow/pack. Existing workbench flows are adjacent composition examples, not proof this target-domain workflow exists.",TRIAGE_ONLY_NOT_CERTIFIED
data-engineering-environment-inspection,data-engineering,environment-inspection,medium,PROPOSED_RECONCILE,WORKFLOW_COMPOSITION,corpus-curation;cipher-data-pipeline;synthetic-data-pipeline;textbook-quality-data-acquisition;aide-agent-workflow-sop;aide-autonomous-workflow;aide-master-roadmap,"Compose this multi-step activity in a curated workflow/pack. Existing workbench flows are adjacent composition examples, not proof this target-domain workflow exists.",TRIAGE_ONLY_NOT_CERTIFIED
data-engineering-reference-research,data-engineering,reference-research,medium,PROPOSED_RECONCILE,WORKFLOW_COMPOSITION,corpus-curation;cipher-data-pipeline;synthetic-data-pipeline;textbook-quality-data-acquisition;aide-agent-workflow-sop;aide-autonomous-workflow;aide-master-roadmap,"Compose this multi-step activity in a curated workflow/pack. Existing workbench flows are adjacent composition examples, not proof this target-domain workflow exists.",TRIAGE_ONLY_NOT_CERTIFIED
data-engineering-architecture-plan,data-engineering,architecture-plan,medium,PROPOSED_RECONCILE,WORKFLOW_COMPOSITION,corpus-curation;cipher-data-pipeline;synthetic-data-pipeline;textbook-quality-data-acquisition;aide-agent-workflow-sop;aide-autonomous-workflow;aide-master-roadmap,"Compose this multi-step activity in a curated workflow/pack. Existing workbench flows are adjacent composition examples, not proof this target-domain workflow exists.",TRIAGE_ONLY_NOT_CERTIFIED
data-engineering-interface-contract,data-engineering,interface-contract,medium,PROPOSED_RECONCILE,MISSING_HIGH_VALUE,corpus-curation;cipher-data-pipeline;synthetic-data-pipeline;textbook-quality-data-acquisition,No operation-specific match was found in the curated domain skill family; prioritize because the catalog marks it high risk or the domain is on the current software-product/release path.,TRIAGE_ONLY_NOT_CERTIFIED
data-engineering-data-contract,data-engineering,data-contract,medium,PROPOSED_RECONCILE,MISSING_HIGH_VALUE,corpus-curation;cipher-data-pipeline;synthetic-data-pipeline;textbook-quality-data-acquisition,No operation-specific match was found in the curated domain skill family; prioritize because the catalog marks it high risk or the domain is on the current software-product/release path.,TRIAGE_ONLY_NOT_CERTIFIED
data-engineering-implementation-plan,data-engineering,implementation-plan,medium,PROPOSED_RECONCILE,WORKFLOW_COMPOSITION,corpus-curation;cipher-data-pipeline;synthetic-data-pipeline;textbook-quality-data-acquisition;aide-agent-workflow-sop;aide-autonomous-workflow;aide-master-roadmap,"Compose this multi-step activity in a curated workflow/pack. Existing workbench flows are adjacent composition examples, not proof this target-domain workflow exists.",TRIAGE_ONLY_NOT_CERTIFIED
data-engineering-prototype,data-engineering,prototype,medium,PROPOSED_RECONCILE,WORKFLOW_COMPOSITION,corpus-curation;cipher-data-pipeline;synthetic-data-pipeline;textbook-quality-data-acquisition;aide-agent-workflow-sop;aide-autonomous-workflow;aide-master-roadmap,"Compose this multi-step activity in a curated workflow/pack. Existing workbench flows are adjacent composition examples, not proof this target-domain workflow exists.",TRIAGE_ONLY_NOT_CERTIFIED
data-engineering-implementation,data-engineering,implementation,medium,PROPOSED_RECONCILE,WORKFLOW_COMPOSITION,corpus-curation;cipher-data-pipeline;synthetic-data-pipeline;textbook-quality-data-acquisition;aide-agent-workflow-sop;aide-autonomous-workflow;aide-master-roadmap,"Compose this multi-step activity in a curated workflow/pack. Existing workbench flows are adjacent composition examples, not proof this target-domain workflow exists.",TRIAGE_ONLY_NOT_CERTIFIED
data-engineering-integration,data-engineering,integration,medium,PROPOSED_RECONCILE,WORKFLOW_COMPOSITION,corpus-curation;cipher-data-pipeline;synthetic-data-pipeline;textbook-quality-data-acquisition;aide-agent-workflow-sop;aide-autonomous-workflow;aide-master-roadmap,"Compose this multi-step activity in a curated workflow/pack. Existing workbench flows are adjacent composition examples, not proof this target-domain workflow exists.",TRIAGE_ONLY_NOT_CERTIFIED
data-engineering-configuration,data-engineering,configuration,medium,PROPOSED_RECONCILE,WORKFLOW_COMPOSITION,corpus-curation;cipher-data-pipeline;synthetic-data-pipeline;textbook-quality-data-acquisition;aide-agent-workflow-sop;aide-autonomous-workflow;aide-master-roadmap,"Compose this multi-step activity in a curated workflow/pack. Existing workbench flows are adjacent composition examples, not proof this target-domain workflow exists.",TRIAGE_ONLY_NOT_CERTIFIED
data-engineering-migration,data-engineering,migration,medium,PROPOSED_RECONCILE,WORKFLOW_COMPOSITION,corpus-curation;cipher-data-pipeline;synthetic-data-pipeline;textbook-quality-data-acquisition;aide-agent-workflow-sop;aide-autonomous-workflow;aide-master-roadmap,"Compose this multi-step activity in a curated workflow/pack. Existing workbench flows are adjacent composition examples, not proof this target-domain workflow exists.",TRIAGE_ONLY_NOT_CERTIFIED
data-engineering-compatibility,data-engineering,compatibility,medium,PROPOSED_RECONCILE,PARTIALLY_SATISFIED,textbook-quality-data-acquisition,"Related domain skill text exists, but it lacks the supplied formal contract and coordinate-level routing/certification evidence.",TRIAGE_ONLY_NOT_CERTIFIED
data-engineering-error-handling,data-engineering,error-handling,medium,PROPOSED_RECONCILE,PARTIALLY_SATISFIED,corpus-curation;textbook-quality-data-acquisition,"Related domain skill text exists, but it lacks the supplied formal contract and coordinate-level routing/certification evidence.",TRIAGE_ONLY_NOT_CERTIFIED
data-engineering-edge-cases,data-engineering,edge-cases,medium,PROPOSED_RECONCILE,MISSING_HIGH_VALUE,corpus-curation;cipher-data-pipeline;synthetic-data-pipeline;textbook-quality-data-acquisition,No operation-specific match was found in the curated domain skill family; prioritize because the catalog marks it high risk or the domain is on the current software-product/release path.,TRIAGE_ONLY_NOT_CERTIFIED
data-engineering-security-review,data-engineering,security-review,high,PROPOSED_RECONCILE,SOP_GOVERNED,aide-security-hardening;aide-supply-chain-audit;developer-way,Govern this cross-cutting procedure once through the named SOP family; add domain-specific checks only where evidence requires them.,TRIAGE_ONLY_NOT_CERTIFIED
data-engineering-privacy-review,data-engineering,privacy-review,medium,PROPOSED_RECONCILE,SOP_GOVERNED,covert-context-control;aide-offline-agent-loop;aide-secrets-handling-protocol;developer-way,Govern this cross-cutting procedure once through the named SOP family; add domain-specific checks only where evidence requires them.,TRIAGE_ONLY_NOT_CERTIFIED
data-engineering-accessibility-review,data-engineering,accessibility-review,medium,PROPOSED_RECONCILE,MISSING_HIGH_VALUE,corpus-curation;cipher-data-pipeline;synthetic-data-pipeline;textbook-quality-data-acquisition,No operation-specific match was found in the curated domain skill family; prioritize because the catalog marks it high risk or the domain is on the current software-product/release path.,TRIAGE_ONLY_NOT_CERTIFIED
data-engineering-performance-budget,data-engineering,performance-budget,medium,PROPOSED_RECONCILE,MISSING_HIGH_VALUE,corpus-curation;cipher-data-pipeline;synthetic-data-pipeline;textbook-quality-data-acquisition,No operation-specific match was found in the curated domain skill family; prioritize because the catalog marks it high risk or the domain is on the current software-product/release path.,TRIAGE_ONLY_NOT_CERTIFIED
data-engineering-performance-profile,data-engineering,performance-profile,medium,PROPOSED_RECONCILE,PARTIALLY_SATISFIED,textbook-quality-data-acquisition,"Related domain skill text exists, but it lacks the supplied formal contract and coordinate-level routing/certification evidence.",TRIAGE_ONLY_NOT_CERTIFIED
data-engineering-unit-verification,data-engineering,unit-verification,medium,PROPOSED_RECONCILE,NOT_APPROPRIATE_AS_SKILL,aide-task-verification-battery;aide-veritas-layer;aide-pre-push-gate,This is a deterministic verification/evidence outcome; expose the gate in a workflow and record its result instead of relying on prompt instructions.,TRIAGE_ONLY_NOT_CERTIFIED
data-engineering-integration-verification,data-engineering,integration-verification,medium,PROPOSED_RECONCILE,NOT_APPROPRIATE_AS_SKILL,aide-task-verification-battery;aide-veritas-layer;aide-pre-push-gate,This is a deterministic verification/evidence outcome; expose the gate in a workflow and record its result instead of relying on prompt instructions.,TRIAGE_ONLY_NOT_CERTIFIED
data-engineering-e2e-verification,data-engineering,e2e-verification,medium,PROPOSED_RECONCILE,NOT_APPROPRIATE_AS_SKILL,aide-task-verification-battery;aide-veritas-layer;aide-pre-push-gate,This is a deterministic verification/evidence outcome; expose the gate in a workflow and record its result instead of relying on prompt instructions.,TRIAGE_ONLY_NOT_CERTIFIED
data-engineering-negative-testing,data-engineering,negative-testing,medium,PROPOSED_RECONCILE,MISSING_HIGH_VALUE,corpus-curation;cipher-data-pipeline;synthetic-data-pipeline;textbook-quality-data-acquisition,No operation-specific match was found in the curated domain skill family; prioritize because the catalog marks it high risk or the domain is on the current software-product/release path.,TRIAGE_ONLY_NOT_CERTIFIED
data-engineering-fault-injection,data-engineering,fault-injection,medium,PROPOSED_RECONCILE,MISSING_HIGH_VALUE,corpus-curation;cipher-data-pipeline;synthetic-data-pipeline;textbook-quality-data-acquisition,No operation-specific match was found in the curated domain skill family; prioritize because the catalog marks it high risk or the domain is on the current software-product/release path.,TRIAGE_ONLY_NOT_CERTIFIED
data-engineering-cross-platform-check,data-engineering,cross-platform-check,medium,PROPOSED_RECONCILE,WORKFLOW_COMPOSITION,corpus-curation;cipher-data-pipeline;synthetic-data-pipeline;textbook-quality-data-acquisition;aide-agent-workflow-sop;aide-autonomous-workflow;aide-master-roadmap,"Compose this multi-step activity in a curated workflow/pack. Existing workbench flows are adjacent composition examples, not proof this target-domain workflow exists.",TRIAGE_ONLY_NOT_CERTIFIED
data-engineering-offline-check,data-engineering,offline-check,medium,PROPOSED_RECONCILE,WORKFLOW_COMPOSITION,corpus-curation;cipher-data-pipeline;synthetic-data-pipeline;textbook-quality-data-acquisition;aide-agent-workflow-sop;aide-autonomous-workflow;aide-master-roadmap,"Compose this multi-step activity in a curated workflow/pack. Existing workbench flows are adjacent composition examples, not proof this target-domain workflow exists.",TRIAGE_ONLY_NOT_CERTIFIED
data-engineering-restart-recovery,data-engineering,restart-recovery,medium,PROPOSED_RECONCILE,WORKFLOW_COMPOSITION,corpus-curation;cipher-data-pipeline;synthetic-data-pipeline;textbook-quality-data-acquisition;aide-agent-workflow-sop;aide-autonomous-workflow;aide-master-roadmap,"Compose this multi-step activity in a curated workflow/pack. Existing workbench flows are adjacent composition examples, not proof this target-domain workflow exists.",TRIAGE_ONLY_NOT_CERTIFIED
data-engineering-observability,data-engineering,observability,medium,PROPOSED_RECONCILE,PARTIALLY_SATISFIED,cipher-data-pipeline;synthetic-data-pipeline,"Related domain skill text exists, but it lacks the supplied formal contract and coordinate-level routing/certification evidence.",TRIAGE_ONLY_NOT_CERTIFIED
data-engineering-logging-diagnostics,data-engineering,logging-diagnostics,medium,PROPOSED_RECONCILE,MISSING_HIGH_VALUE,corpus-curation;cipher-data-pipeline;synthetic-data-pipeline;textbook-quality-data-acquisition,No operation-specific match was found in the curated domain skill family; prioritize because the catalog marks it high risk or the domain is on the current software-product/release path.,TRIAGE_ONLY_NOT_CERTIFIED
data-engineering-documentation,data-engineering,documentation,medium,PROPOSED_RECONCILE,PARTIALLY_SATISFIED,corpus-curation;cipher-data-pipeline;synthetic-data-pipeline;textbook-quality-data-acquisition,"Related domain skill text exists, but it lacks the supplied formal contract and coordinate-level routing/certification evidence.",TRIAGE_ONLY_NOT_CERTIFIED
data-engineering-operator-runbook,data-engineering,operator-runbook,medium,PROPOSED_RECONCILE,SOP_GOVERNED,agent-notes;aide-aide-stack-launch-and-recover;developer-way,Govern this cross-cutting procedure once through the named SOP family; add domain-specific checks only where evidence requires them.,TRIAGE_ONLY_NOT_CERTIFIED
data-engineering-code-review,data-engineering,code-review,medium,PROPOSED_RECONCILE,SOP_GOVERNED,aide-release-engineering;aide-arch-test-fixes;aide-pre-push-gate;developer-way,Govern this cross-cutting procedure once through the named SOP family; add domain-specific checks only where evidence requires them.,TRIAGE_ONLY_NOT_CERTIFIED
data-engineering-regression-analysis,data-engineering,regression-analysis,medium,PROPOSED_RECONCILE,SOP_GOVERNED,aide-arch-test-fixes;aide-task-verification-battery;developer-way,Govern this cross-cutting procedure once through the named SOP family; add domain-specific checks only where evidence requires them.,TRIAGE_ONLY_NOT_CERTIFIED
data-engineering-root-cause-repair,data-engineering,root-cause-repair,medium,PROPOSED_RECONCILE,SOP_GOVERNED,aide-debugging-discipline;aide-unified-diff-repair;ask-dont-circle;developer-way,Govern this cross-cutting procedure once through the named SOP family; add domain-specific checks only where evidence requires them.,TRIAGE_ONLY_NOT_CERTIFIED
data-engineering-dependency-audit,data-engineering,dependency-audit,medium,PROPOSED_RECONCILE,SOP_GOVERNED,aide-supply-chain-audit;aide-arch-packaging-release;aide-ci-diagnostics,Govern this cross-cutting procedure once through the named SOP family; add domain-specific checks only where evidence requires them.,TRIAGE_ONLY_NOT_CERTIFIED
data-engineering-release-readiness,data-engineering,release-readiness,high,PROPOSED_RECONCILE,WORKFLOW_COMPOSITION,corpus-curation;cipher-data-pipeline;synthetic-data-pipeline;textbook-quality-data-acquisition;aide-agent-workflow-sop;aide-autonomous-workflow;aide-master-roadmap,"Compose this multi-step activity in a curated workflow/pack. Existing workbench flows are adjacent composition examples, not proof this target-domain workflow exists.",TRIAGE_ONLY_NOT_CERTIFIED
data-engineering-evidence-capture,data-engineering,evidence-capture,medium,PROPOSED_RECONCILE,NOT_APPROPRIATE_AS_SKILL,aide-task-verification-battery;aide-veritas-layer;aide-pre-push-gate,This is a deterministic verification/evidence outcome; expose the gate in a workflow and record its result instead of relying on prompt instructions.,TRIAGE_ONLY_NOT_CERTIFIED
data-engineering-post-acceptance-monitoring,data-engineering,post-acceptance-monitoring,medium,PROPOSED_RECONCILE,WORKFLOW_COMPOSITION,corpus-curation;cipher-data-pipeline;synthetic-data-pipeline;textbook-quality-data-acquisition;aide-agent-workflow-sop;aide-autonomous-workflow;aide-master-roadmap,"Compose this multi-step activity in a curated workflow/pack. Existing workbench flows are adjacent composition examples, not proof this target-domain workflow exists.",TRIAGE_ONLY_NOT_CERTIFIED
data-engineering-maintenance-upgrade,data-engineering,maintenance-upgrade,medium,PROPOSED_RECONCILE,WORKFLOW_COMPOSITION,corpus-curation;cipher-data-pipeline;synthetic-data-pipeline;textbook-quality-data-acquisition;aide-agent-workflow-sop;aide-autonomous-workflow;aide-master-roadmap,"Compose this multi-step activity in a curated workflow/pack. Existing workbench flows are adjacent composition examples, not proof this target-domain workflow exists.",TRIAGE_ONLY_NOT_CERTIFIED
ml-training-requirements-discovery,ml-training,requirements-discovery,medium,PROPOSED_RECONCILE,WORKFLOW_COMPOSITION,training-sop;aide-training-phase-b1-dataset-studio;aide-training-phase-b2-qlora-runner;aide-training-phase-b3-eval-export;cipher-training;pipeline-excellence;aide-agent-workflow-sop;aide-autonomous-workflow,"Compose this multi-step activity in a curated workflow/pack. Existing workbench flows are adjacent composition examples, not proof this target-domain workflow exists.",TRIAGE_ONLY_NOT_CERTIFIED
ml-training-environment-inspection,ml-training,environment-inspection,medium,PROPOSED_RECONCILE,WORKFLOW_COMPOSITION,training-sop;aide-training-phase-b1-dataset-studio;aide-training-phase-b2-qlora-runner;aide-training-phase-b3-eval-export;cipher-training;pipeline-excellence;aide-agent-workflow-sop;aide-autonomous-workflow,"Compose this multi-step activity in a curated workflow/pack. Existing workbench flows are adjacent composition examples, not proof this target-domain workflow exists.",TRIAGE_ONLY_NOT_CERTIFIED
ml-training-reference-research,ml-training,reference-research,medium,PROPOSED_RECONCILE,WORKFLOW_COMPOSITION,training-sop;aide-training-phase-b1-dataset-studio;aide-training-phase-b2-qlora-runner;aide-training-phase-b3-eval-export;cipher-training;pipeline-excellence;aide-agent-workflow-sop;aide-autonomous-workflow,"Compose this multi-step activity in a curated workflow/pack. Existing workbench flows are adjacent composition examples, not proof this target-domain workflow exists.",TRIAGE_ONLY_NOT_CERTIFIED
ml-training-architecture-plan,ml-training,architecture-plan,medium,PROPOSED_RECONCILE,WORKFLOW_COMPOSITION,training-sop;aide-training-phase-b1-dataset-studio;aide-training-phase-b2-qlora-runner;aide-training-phase-b3-eval-export;cipher-training;pipeline-excellence;aide-agent-workflow-sop;aide-autonomous-workflow,"Compose this multi-step activity in a curated workflow/pack. Existing workbench flows are adjacent composition examples, not proof this target-domain workflow exists.",TRIAGE_ONLY_NOT_CERTIFIED
ml-training-interface-contract,ml-training,interface-contract,medium,PROPOSED_RECONCILE,PARTIALLY_SATISFIED,aide-training-phase-b1-dataset-studio,"Related domain skill text exists, but it lacks the supplied formal contract and coordinate-level routing/certification evidence.",TRIAGE_ONLY_NOT_CERTIFIED
ml-training-data-contract,ml-training,data-contract,medium,PROPOSED_RECONCILE,MISSING_HIGH_VALUE,training-sop;aide-training-phase-b1-dataset-studio;aide-training-phase-b2-qlora-runner;aide-training-phase-b3-eval-export;cipher-training,No operation-specific match was found in the curated domain skill family; prioritize because the catalog marks it high risk or the domain is on the current software-product/release path.,TRIAGE_ONLY_NOT_CERTIFIED
ml-training-implementation-plan,ml-training,implementation-plan,medium,PROPOSED_RECONCILE,WORKFLOW_COMPOSITION,training-sop;aide-training-phase-b1-dataset-studio;aide-training-phase-b2-qlora-runner;aide-training-phase-b3-eval-export;cipher-training;pipeline-excellence;aide-agent-workflow-sop;aide-autonomous-workflow,"Compose this multi-step activity in a curated workflow/pack. Existing workbench flows are adjacent composition examples, not proof this target-domain workflow exists.",TRIAGE_ONLY_NOT_CERTIFIED
ml-training-prototype,ml-training,prototype,medium,PROPOSED_RECONCILE,WORKFLOW_COMPOSITION,training-sop;aide-training-phase-b1-dataset-studio;aide-training-phase-b2-qlora-runner;aide-training-phase-b3-eval-export;cipher-training;pipeline-excellence;aide-agent-workflow-sop;aide-autonomous-workflow,"Compose this multi-step activity in a curated workflow/pack. Existing workbench flows are adjacent composition examples, not proof this target-domain workflow exists.",TRIAGE_ONLY_NOT_CERTIFIED
ml-training-implementation,ml-training,implementation,medium,PROPOSED_RECONCILE,WORKFLOW_COMPOSITION,training-sop;aide-training-phase-b1-dataset-studio;aide-training-phase-b2-qlora-runner;aide-training-phase-b3-eval-export;cipher-training;pipeline-excellence;aide-agent-workflow-sop;aide-autonomous-workflow,"Compose this multi-step activity in a curated workflow/pack. Existing workbench flows are adjacent composition examples, not proof this target-domain workflow exists.",TRIAGE_ONLY_NOT_CERTIFIED
ml-training-integration,ml-training,integration,medium,PROPOSED_RECONCILE,WORKFLOW_COMPOSITION,training-sop;aide-training-phase-b1-dataset-studio;aide-training-phase-b2-qlora-runner;aide-training-phase-b3-eval-export;cipher-training;pipeline-excellence;aide-agent-workflow-sop;aide-autonomous-workflow,"Compose this multi-step activity in a curated workflow/pack. Existing workbench flows are adjacent composition examples, not proof this target-domain workflow exists.",TRIAGE_ONLY_NOT_CERTIFIED
ml-training-configuration,ml-training,configuration,medium,PROPOSED_RECONCILE,WORKFLOW_COMPOSITION,training-sop;aide-training-phase-b1-dataset-studio;aide-training-phase-b2-qlora-runner;aide-training-phase-b3-eval-export;cipher-training;pipeline-excellence;aide-agent-workflow-sop;aide-autonomous-workflow,"Compose this multi-step activity in a curated workflow/pack. Existing workbench flows are adjacent composition examples, not proof this target-domain workflow exists.",TRIAGE_ONLY_NOT_CERTIFIED
ml-training-migration,ml-training,migration,medium,PROPOSED_RECONCILE,WORKFLOW_COMPOSITION,training-sop;aide-training-phase-b1-dataset-studio;aide-training-phase-b2-qlora-runner;aide-training-phase-b3-eval-export;cipher-training;pipeline-excellence;aide-agent-workflow-sop;aide-autonomous-workflow,"Compose this multi-step activity in a curated workflow/pack. Existing workbench flows are adjacent composition examples, not proof this target-domain workflow exists.",TRIAGE_ONLY_NOT_CERTIFIED
ml-training-compatibility,ml-training,compatibility,medium,PROPOSED_RECONCILE,MISSING_HIGH_VALUE,training-sop;aide-training-phase-b1-dataset-studio;aide-training-phase-b2-qlora-runner;aide-training-phase-b3-eval-export;cipher-training,No operation-specific match was found in the curated domain skill family; prioritize because the catalog marks it high risk or the domain is on the current software-product/release path.,TRIAGE_ONLY_NOT_CERTIFIED
ml-training-error-handling,ml-training,error-handling,medium,PROPOSED_RECONCILE,PARTIALLY_SATISFIED,training-sop;aide-training-phase-b2-qlora-runner,"Related domain skill text exists, but it lacks the supplied formal contract and coordinate-level routing/certification evidence.",TRIAGE_ONLY_NOT_CERTIFIED
ml-training-edge-cases,ml-training,edge-cases,medium,PROPOSED_RECONCILE,PARTIALLY_SATISFIED,aide-training-phase-b1-dataset-studio,"Related domain skill text exists, but it lacks the supplied formal contract and coordinate-level routing/certification evidence.",TRIAGE_ONLY_NOT_CERTIFIED
ml-training-security-review,ml-training,security-review,high,PROPOSED_RECONCILE,SOP_GOVERNED,aide-security-hardening;aide-supply-chain-audit;developer-way,Govern this cross-cutting procedure once through the named SOP family; add domain-specific checks only where evidence requires them.,TRIAGE_ONLY_NOT_CERTIFIED
ml-training-privacy-review,ml-training,privacy-review,medium,PROPOSED_RECONCILE,SOP_GOVERNED,covert-context-control;aide-offline-agent-loop;aide-secrets-handling-protocol;developer-way,Govern this cross-cutting procedure once through the named SOP family; add domain-specific checks only where evidence requires them.,TRIAGE_ONLY_NOT_CERTIFIED
ml-training-accessibility-review,ml-training,accessibility-review,medium,PROPOSED_RECONCILE,MISSING_HIGH_VALUE,training-sop;aide-training-phase-b1-dataset-studio;aide-training-phase-b2-qlora-runner;aide-training-phase-b3-eval-export;cipher-training,No operation-specific match was found in the curated domain skill family; prioritize because the catalog marks it high risk or the domain is on the current software-product/release path.,TRIAGE_ONLY_NOT_CERTIFIED
ml-training-performance-budget,ml-training,performance-budget,medium,PROPOSED_RECONCILE,MISSING_HIGH_VALUE,training-sop;aide-training-phase-b1-dataset-studio;aide-training-phase-b2-qlora-runner;aide-training-phase-b3-eval-export;cipher-training,No operation-specific match was found in the curated domain skill family; prioritize because the catalog marks it high risk or the domain is on the current software-product/release path.,TRIAGE_ONLY_NOT_CERTIFIED
ml-training-performance-profile,ml-training,performance-profile,medium,PROPOSED_RECONCILE,PARTIALLY_SATISFIED,pipeline-excellence,"Related domain skill text exists, but it lacks the supplied formal contract and coordinate-level routing/certification evidence.",TRIAGE_ONLY_NOT_CERTIFIED
ml-training-unit-verification,ml-training,unit-verification,medium,PROPOSED_RECONCILE,NOT_APPROPRIATE_AS_SKILL,aide-task-verification-battery;aide-veritas-layer;aide-pre-push-gate,This is a deterministic verification/evidence outcome; expose the gate in a workflow and record its result instead of relying on prompt instructions.,TRIAGE_ONLY_NOT_CERTIFIED
ml-training-integration-verification,ml-training,integration-verification,medium,PROPOSED_RECONCILE,NOT_APPROPRIATE_AS_SKILL,aide-task-verification-battery;aide-veritas-layer;aide-pre-push-gate,This is a deterministic verification/evidence outcome; expose the gate in a workflow and record its result instead of relying on prompt instructions.,TRIAGE_ONLY_NOT_CERTIFIED
ml-training-e2e-verification,ml-training,e2e-verification,medium,PROPOSED_RECONCILE,NOT_APPROPRIATE_AS_SKILL,aide-task-verification-battery;aide-veritas-layer;aide-pre-push-gate,This is a deterministic verification/evidence outcome; expose the gate in a workflow and record its result instead of relying on prompt instructions.,TRIAGE_ONLY_NOT_CERTIFIED
ml-training-negative-testing,ml-training,negative-testing,medium,PROPOSED_RECONCILE,MISSING_HIGH_VALUE,training-sop;aide-training-phase-b1-dataset-studio;aide-training-phase-b2-qlora-runner;aide-training-phase-b3-eval-export;cipher-training,No operation-specific match was found in the curated domain skill family; prioritize because the catalog marks it high risk or the domain is on the current software-product/release path.,TRIAGE_ONLY_NOT_CERTIFIED
ml-training-fault-injection,ml-training,fault-injection,medium,PROPOSED_RECONCILE,MISSING_HIGH_VALUE,training-sop;aide-training-phase-b1-dataset-studio;aide-training-phase-b2-qlora-runner;aide-training-phase-b3-eval-export;cipher-training,No operation-specific match was found in the curated domain skill family; prioritize because the catalog marks it high risk or the domain is on the current software-product/release path.,TRIAGE_ONLY_NOT_CERTIFIED
ml-training-cross-platform-check,ml-training,cross-platform-check,medium,PROPOSED_RECONCILE,WORKFLOW_COMPOSITION,training-sop;aide-training-phase-b1-dataset-studio;aide-training-phase-b2-qlora-runner;aide-training-phase-b3-eval-export;cipher-training;pipeline-excellence;aide-agent-workflow-sop;aide-autonomous-workflow,"Compose this multi-step activity in a curated workflow/pack. Existing workbench flows are adjacent composition examples, not proof this target-domain workflow exists.",TRIAGE_ONLY_NOT_CERTIFIED
ml-training-offline-check,ml-training,offline-check,medium,PROPOSED_RECONCILE,WORKFLOW_COMPOSITION,training-sop;aide-training-phase-b1-dataset-studio;aide-training-phase-b2-qlora-runner;aide-training-phase-b3-eval-export;cipher-training;pipeline-excellence;aide-agent-workflow-sop;aide-autonomous-workflow,"Compose this multi-step activity in a curated workflow/pack. Existing workbench flows are adjacent composition examples, not proof this target-domain workflow exists.",TRIAGE_ONLY_NOT_CERTIFIED
ml-training-restart-recovery,ml-training,restart-recovery,medium,PROPOSED_RECONCILE,WORKFLOW_COMPOSITION,training-sop;aide-training-phase-b1-dataset-studio;aide-training-phase-b2-qlora-runner;aide-training-phase-b3-eval-export;cipher-training;pipeline-excellence;aide-agent-workflow-sop;aide-autonomous-workflow,"Compose this multi-step activity in a curated workflow/pack. Existing workbench flows are adjacent composition examples, not proof this target-domain workflow exists.",TRIAGE_ONLY_NOT_CERTIFIED
ml-training-observability,ml-training,observability,medium,PROPOSED_RECONCILE,PARTIALLY_SATISFIED,training-sop;pipeline-excellence,"Related domain skill text exists, but it lacks the supplied formal contract and coordinate-level routing/certification evidence.",TRIAGE_ONLY_NOT_CERTIFIED
ml-training-logging-diagnostics,ml-training,logging-diagnostics,medium,PROPOSED_RECONCILE,PARTIALLY_SATISFIED,training-sop;pipeline-excellence,"Related domain skill text exists, but it lacks the supplied formal contract and coordinate-level routing/certification evidence.",TRIAGE_ONLY_NOT_CERTIFIED
ml-training-documentation,ml-training,documentation,medium,PROPOSED_RECONCILE,PARTIALLY_SATISFIED,training-sop;aide-training-phase-b3-eval-export;pipeline-excellence,"Related domain skill text exists, but it lacks the supplied formal contract and coordinate-level routing/certification evidence.",TRIAGE_ONLY_NOT_CERTIFIED
ml-training-operator-runbook,ml-training,operator-runbook,medium,PROPOSED_RECONCILE,SOP_GOVERNED,agent-notes;aide-aide-stack-launch-and-recover;developer-way,Govern this cross-cutting procedure once through the named SOP family; add domain-specific checks only where evidence requires them.,TRIAGE_ONLY_NOT_CERTIFIED
ml-training-code-review,ml-training,code-review,medium,PROPOSED_RECONCILE,SOP_GOVERNED,aide-release-engineering;aide-arch-test-fixes;aide-pre-push-gate;developer-way,Govern this cross-cutting procedure once through the named SOP family; add domain-specific checks only where evidence requires them.,TRIAGE_ONLY_NOT_CERTIFIED
ml-training-regression-analysis,ml-training,regression-analysis,medium,PROPOSED_RECONCILE,SOP_GOVERNED,aide-arch-test-fixes;aide-task-verification-battery;developer-way,Govern this cross-cutting procedure once through the named SOP family; add domain-specific checks only where evidence requires them.,TRIAGE_ONLY_NOT_CERTIFIED
ml-training-root-cause-repair,ml-training,root-cause-repair,medium,PROPOSED_RECONCILE,SOP_GOVERNED,aide-debugging-discipline;aide-unified-diff-repair;ask-dont-circle;developer-way,Govern this cross-cutting procedure once through the named SOP family; add domain-specific checks only where evidence requires them.,TRIAGE_ONLY_NOT_CERTIFIED
ml-training-dependency-audit,ml-training,dependency-audit,medium,PROPOSED_RECONCILE,SOP_GOVERNED,aide-supply-chain-audit;aide-arch-packaging-release;aide-ci-diagnostics,Govern this cross-cutting procedure once through the named SOP family; add domain-specific checks only where evidence requires them.,TRIAGE_ONLY_NOT_CERTIFIED
ml-training-release-readiness,ml-training,release-readiness,high,PROPOSED_RECONCILE,WORKFLOW_COMPOSITION,training-sop;aide-training-phase-b1-dataset-studio;aide-training-phase-b2-qlora-runner;aide-training-phase-b3-eval-export;cipher-training;pipeline-excellence;aide-agent-workflow-sop;aide-autonomous-workflow,"Compose this multi-step activity in a curated workflow/pack. Existing workbench flows are adjacent composition examples, not proof this target-domain workflow exists.",TRIAGE_ONLY_NOT_CERTIFIED
ml-training-evidence-capture,ml-training,evidence-capture,medium,PROPOSED_RECONCILE,NOT_APPROPRIATE_AS_SKILL,aide-task-verification-battery;aide-veritas-layer;aide-pre-push-gate,This is a deterministic verification/evidence outcome; expose the gate in a workflow and record its result instead of relying on prompt instructions.,TRIAGE_ONLY_NOT_CERTIFIED
ml-training-post-acceptance-monitoring,ml-training,post-acceptance-monitoring,medium,PROPOSED_RECONCILE,WORKFLOW_COMPOSITION,training-sop;aide-training-phase-b1-dataset-studio;aide-training-phase-b2-qlora-runner;aide-training-phase-b3-eval-export;cipher-training;pipeline-excellence;aide-agent-workflow-sop;aide-autonomous-workflow,"Compose this multi-step activity in a curated workflow/pack. Existing workbench flows are adjacent composition examples, not proof this target-domain workflow exists.",TRIAGE_ONLY_NOT_CERTIFIED
ml-training-maintenance-upgrade,ml-training,maintenance-upgrade,medium,PROPOSED_RECONCILE,WORKFLOW_COMPOSITION,training-sop;aide-training-phase-b1-dataset-studio;aide-training-phase-b2-qlora-runner;aide-training-phase-b3-eval-export;cipher-training;pipeline-excellence;aide-agent-workflow-sop;aide-autonomous-workflow,"Compose this multi-step activity in a curated workflow/pack. Existing workbench flows are adjacent composition examples, not proof this target-domain workflow exists.",TRIAGE_ONLY_NOT_CERTIFIED
llm-systems-requirements-discovery,llm-systems,requirements-discovery,medium,PROPOSED_RECONCILE,WORKFLOW_COMPOSITION,aide-harness-prompt-scaffolding;aide-arch-model-runtime;aide-model-task-recommender;aide-context-retrieval-wiring;covert-context-control;aide-agent-workflow-sop;aide-autonomous-workflow;aide-master-roadmap,"Compose this multi-step activity in a curated workflow/pack. Existing workbench flows are adjacent composition examples, not proof this target-domain workflow exists.",TRIAGE_ONLY_NOT_CERTIFIED
llm-systems-environment-inspection,llm-systems,environment-inspection,medium,PROPOSED_RECONCILE,WORKFLOW_COMPOSITION,aide-harness-prompt-scaffolding;aide-arch-model-runtime;aide-model-task-recommender;aide-context-retrieval-wiring;covert-context-control;aide-agent-workflow-sop;aide-autonomous-workflow;aide-master-roadmap,"Compose this multi-step activity in a curated workflow/pack. Existing workbench flows are adjacent composition examples, not proof this target-domain workflow exists.",TRIAGE_ONLY_NOT_CERTIFIED
llm-systems-reference-research,llm-systems,reference-research,medium,PROPOSED_RECONCILE,WORKFLOW_COMPOSITION,aide-harness-prompt-scaffolding;aide-arch-model-runtime;aide-model-task-recommender;aide-context-retrieval-wiring;covert-context-control;aide-agent-workflow-sop;aide-autonomous-workflow;aide-master-roadmap,"Compose this multi-step activity in a curated workflow/pack. Existing workbench flows are adjacent composition examples, not proof this target-domain workflow exists.",TRIAGE_ONLY_NOT_CERTIFIED
llm-systems-architecture-plan,llm-systems,architecture-plan,medium,PROPOSED_RECONCILE,WORKFLOW_COMPOSITION,aide-harness-prompt-scaffolding;aide-arch-model-runtime;aide-model-task-recommender;aide-context-retrieval-wiring;covert-context-control;aide-agent-workflow-sop;aide-autonomous-workflow;aide-master-roadmap,"Compose this multi-step activity in a curated workflow/pack. Existing workbench flows are adjacent composition examples, not proof this target-domain workflow exists.",TRIAGE_ONLY_NOT_CERTIFIED
llm-systems-interface-contract,llm-systems,interface-contract,medium,PROPOSED_RECONCILE,PARTIALLY_SATISFIED,aide-model-task-recommender;aide-context-retrieval-wiring,"Related domain skill text exists, but it lacks the supplied formal contract and coordinate-level routing/certification evidence.",TRIAGE_ONLY_NOT_CERTIFIED
llm-systems-data-contract,llm-systems,data-contract,medium,PROPOSED_RECONCILE,MISSING_HIGH_VALUE,aide-harness-prompt-scaffolding;aide-arch-model-runtime;aide-model-task-recommender;aide-context-retrieval-wiring;covert-context-control,No operation-specific match was found in the curated domain skill family; prioritize because the catalog marks it high risk or the domain is on the current software-product/release path.,TRIAGE_ONLY_NOT_CERTIFIED
llm-systems-implementation-plan,llm-systems,implementation-plan,medium,PROPOSED_RECONCILE,WORKFLOW_COMPOSITION,aide-harness-prompt-scaffolding;aide-arch-model-runtime;aide-model-task-recommender;aide-context-retrieval-wiring;covert-context-control;aide-agent-workflow-sop;aide-autonomous-workflow;aide-master-roadmap,"Compose this multi-step activity in a curated workflow/pack. Existing workbench flows are adjacent composition examples, not proof this target-domain workflow exists.",TRIAGE_ONLY_NOT_CERTIFIED
llm-systems-prototype,llm-systems,prototype,medium,PROPOSED_RECONCILE,WORKFLOW_COMPOSITION,aide-harness-prompt-scaffolding;aide-arch-model-runtime;aide-model-task-recommender;aide-context-retrieval-wiring;covert-context-control;aide-agent-workflow-sop;aide-autonomous-workflow;aide-master-roadmap,"Compose this multi-step activity in a curated workflow/pack. Existing workbench flows are adjacent composition examples, not proof this target-domain workflow exists.",TRIAGE_ONLY_NOT_CERTIFIED
llm-systems-implementation,llm-systems,implementation,medium,PROPOSED_RECONCILE,WORKFLOW_COMPOSITION,aide-harness-prompt-scaffolding;aide-arch-model-runtime;aide-model-task-recommender;aide-context-retrieval-wiring;covert-context-control;aide-agent-workflow-sop;aide-autonomous-workflow;aide-master-roadmap,"Compose this multi-step activity in a curated workflow/pack. Existing workbench flows are adjacent composition examples, not proof this target-domain workflow exists.",TRIAGE_ONLY_NOT_CERTIFIED
llm-systems-integration,llm-systems,integration,medium,PROPOSED_RECONCILE,WORKFLOW_COMPOSITION,aide-harness-prompt-scaffolding;aide-arch-model-runtime;aide-model-task-recommender;aide-context-retrieval-wiring;covert-context-control;aide-agent-workflow-sop;aide-autonomous-workflow;aide-master-roadmap,"Compose this multi-step activity in a curated workflow/pack. Existing workbench flows are adjacent composition examples, not proof this target-domain workflow exists.",TRIAGE_ONLY_NOT_CERTIFIED
llm-systems-configuration,llm-systems,configuration,medium,PROPOSED_RECONCILE,WORKFLOW_COMPOSITION,aide-harness-prompt-scaffolding;aide-arch-model-runtime;aide-model-task-recommender;aide-context-retrieval-wiring;covert-context-control;aide-agent-workflow-sop;aide-autonomous-workflow;aide-master-roadmap,"Compose this multi-step activity in a curated workflow/pack. Existing workbench flows are adjacent composition examples, not proof this target-domain workflow exists.",TRIAGE_ONLY_NOT_CERTIFIED
llm-systems-migration,llm-systems,migration,medium,PROPOSED_RECONCILE,WORKFLOW_COMPOSITION,aide-harness-prompt-scaffolding;aide-arch-model-runtime;aide-model-task-recommender;aide-context-retrieval-wiring;covert-context-control;aide-agent-workflow-sop;aide-autonomous-workflow;aide-master-roadmap,"Compose this multi-step activity in a curated workflow/pack. Existing workbench flows are adjacent composition examples, not proof this target-domain workflow exists.",TRIAGE_ONLY_NOT_CERTIFIED
llm-systems-compatibility,llm-systems,compatibility,medium,PROPOSED_RECONCILE,PARTIALLY_SATISFIED,aide-context-retrieval-wiring,"Related domain skill text exists, but it lacks the supplied formal contract and coordinate-level routing/certification evidence.",TRIAGE_ONLY_NOT_CERTIFIED
llm-systems-error-handling,llm-systems,error-handling,medium,PROPOSED_RECONCILE,PARTIALLY_SATISFIED,aide-harness-prompt-scaffolding;aide-arch-model-runtime,"Related domain skill text exists, but it lacks the supplied formal contract and coordinate-level routing/certification evidence.",TRIAGE_ONLY_NOT_CERTIFIED
llm-systems-edge-cases,llm-systems,edge-cases,medium,PROPOSED_RECONCILE,MISSING_HIGH_VALUE,aide-harness-prompt-scaffolding;aide-arch-model-runtime;aide-model-task-recommender;aide-context-retrieval-wiring;covert-context-control,No operation-specific match was found in the curated domain skill family; prioritize because the catalog marks it high risk or the domain is on the current software-product/release path.,TRIAGE_ONLY_NOT_CERTIFIED
llm-systems-security-review,llm-systems,security-review,high,PROPOSED_RECONCILE,SOP_GOVERNED,aide-security-hardening;aide-supply-chain-audit;developer-way,Govern this cross-cutting procedure once through the named SOP family; add domain-specific checks only where evidence requires them.,TRIAGE_ONLY_NOT_CERTIFIED
llm-systems-privacy-review,llm-systems,privacy-review,medium,PROPOSED_RECONCILE,SOP_GOVERNED,covert-context-control;aide-offline-agent-loop;aide-secrets-handling-protocol;developer-way,Govern this cross-cutting procedure once through the named SOP family; add domain-specific checks only where evidence requires them.,TRIAGE_ONLY_NOT_CERTIFIED
llm-systems-accessibility-review,llm-systems,accessibility-review,medium,PROPOSED_RECONCILE,MISSING_HIGH_VALUE,aide-harness-prompt-scaffolding;aide-arch-model-runtime;aide-model-task-recommender;aide-context-retrieval-wiring;covert-context-control,No operation-specific match was found in the curated domain skill family; prioritize because the catalog marks it high risk or the domain is on the current software-product/release path.,TRIAGE_ONLY_NOT_CERTIFIED
llm-systems-performance-budget,llm-systems,performance-budget,medium,PROPOSED_RECONCILE,MISSING_HIGH_VALUE,aide-harness-prompt-scaffolding;aide-arch-model-runtime;aide-model-task-recommender;aide-context-retrieval-wiring;covert-context-control,No operation-specific match was found in the curated domain skill family; prioritize because the catalog marks it high risk or the domain is on the current software-product/release path.,TRIAGE_ONLY_NOT_CERTIFIED
llm-systems-performance-profile,llm-systems,performance-profile,medium,PROPOSED_RECONCILE,PARTIALLY_SATISFIED,aide-model-task-recommender,"Related domain skill text exists, but it lacks the supplied formal contract and coordinate-level routing/certification evidence.",TRIAGE_ONLY_NOT_CERTIFIED
llm-systems-unit-verification,llm-systems,unit-verification,medium,PROPOSED_RECONCILE,NOT_APPROPRIATE_AS_SKILL,aide-task-verification-battery;aide-veritas-layer;aide-pre-push-gate,This is a deterministic verification/evidence outcome; expose the gate in a workflow and record its result instead of relying on prompt instructions.,TRIAGE_ONLY_NOT_CERTIFIED
llm-systems-integration-verification,llm-systems,integration-verification,medium,PROPOSED_RECONCILE,NOT_APPROPRIATE_AS_SKILL,aide-task-verification-battery;aide-veritas-layer;aide-pre-push-gate,This is a deterministic verification/evidence outcome; expose the gate in a workflow and record its result instead of relying on prompt instructions.,TRIAGE_ONLY_NOT_CERTIFIED
llm-systems-e2e-verification,llm-systems,e2e-verification,medium,PROPOSED_RECONCILE,NOT_APPROPRIATE_AS_SKILL,aide-task-verification-battery;aide-veritas-layer;aide-pre-push-gate,This is a deterministic verification/evidence outcome; expose the gate in a workflow and record its result instead of relying on prompt instructions.,TRIAGE_ONLY_NOT_CERTIFIED
llm-systems-negative-testing,llm-systems,negative-testing,medium,PROPOSED_RECONCILE,PARTIALLY_SATISFIED,aide-harness-prompt-scaffolding;aide-arch-model-runtime,"Related domain skill text exists, but it lacks the supplied formal contract and coordinate-level routing/certification evidence.",TRIAGE_ONLY_NOT_CERTIFIED
llm-systems-fault-injection,llm-systems,fault-injection,medium,PROPOSED_RECONCILE,MISSING_HIGH_VALUE,aide-harness-prompt-scaffolding;aide-arch-model-runtime;aide-model-task-recommender;aide-context-retrieval-wiring;covert-context-control,No operation-specific match was found in the curated domain skill family; prioritize because the catalog marks it high risk or the domain is on the current software-product/release path.,TRIAGE_ONLY_NOT_CERTIFIED
llm-systems-cross-platform-check,llm-systems,cross-platform-check,medium,PROPOSED_RECONCILE,WORKFLOW_COMPOSITION,aide-harness-prompt-scaffolding;aide-arch-model-runtime;aide-model-task-recommender;aide-context-retrieval-wiring;covert-context-control;aide-agent-workflow-sop;aide-autonomous-workflow;aide-master-roadmap,"Compose this multi-step activity in a curated workflow/pack. Existing workbench flows are adjacent composition examples, not proof this target-domain workflow exists.",TRIAGE_ONLY_NOT_CERTIFIED
llm-systems-offline-check,llm-systems,offline-check,medium,PROPOSED_RECONCILE,WORKFLOW_COMPOSITION,aide-harness-prompt-scaffolding;aide-arch-model-runtime;aide-model-task-recommender;aide-context-retrieval-wiring;covert-context-control;aide-agent-workflow-sop;aide-autonomous-workflow;aide-master-roadmap,"Compose this multi-step activity in a curated workflow/pack. Existing workbench flows are adjacent composition examples, not proof this target-domain workflow exists.",TRIAGE_ONLY_NOT_CERTIFIED
llm-systems-restart-recovery,llm-systems,restart-recovery,medium,PROPOSED_RECONCILE,WORKFLOW_COMPOSITION,aide-harness-prompt-scaffolding;aide-arch-model-runtime;aide-model-task-recommender;aide-context-retrieval-wiring;covert-context-control;aide-agent-workflow-sop;aide-autonomous-workflow;aide-master-roadmap,"Compose this multi-step activity in a curated workflow/pack. Existing workbench flows are adjacent composition examples, not proof this target-domain workflow exists.",TRIAGE_ONLY_NOT_CERTIFIED
llm-systems-observability,llm-systems,observability,medium,PROPOSED_RECONCILE,MISSING_HIGH_VALUE,aide-harness-prompt-scaffolding;aide-arch-model-runtime;aide-model-task-recommender;aide-context-retrieval-wiring;covert-context-control,No operation-specific match was found in the curated domain skill family; prioritize because the catalog marks it high risk or the domain is on the current software-product/release path.,TRIAGE_ONLY_NOT_CERTIFIED
llm-systems-logging-diagnostics,llm-systems,logging-diagnostics,medium,PROPOSED_RECONCILE,MISSING_HIGH_VALUE,aide-harness-prompt-scaffolding;aide-arch-model-runtime;aide-model-task-recommender;aide-context-retrieval-wiring;covert-context-control,No operation-specific match was found in the curated domain skill family; prioritize because the catalog marks it high risk or the domain is on the current software-product/release path.,TRIAGE_ONLY_NOT_CERTIFIED
llm-systems-documentation,llm-systems,documentation,medium,PROPOSED_RECONCILE,PARTIALLY_SATISFIED,aide-harness-prompt-scaffolding;aide-arch-model-runtime;aide-model-task-recommender;covert-context-control,"Related domain skill text exists, but it lacks the supplied formal contract and coordinate-level routing/certification evidence.",TRIAGE_ONLY_NOT_CERTIFIED
llm-systems-operator-runbook,llm-systems,operator-runbook,medium,PROPOSED_RECONCILE,SOP_GOVERNED,agent-notes;aide-aide-stack-launch-and-recover;developer-way,Govern this cross-cutting procedure once through the named SOP family; add domain-specific checks only where evidence requires them.,TRIAGE_ONLY_NOT_CERTIFIED
llm-systems-code-review,llm-systems,code-review,medium,PROPOSED_RECONCILE,SOP_GOVERNED,aide-release-engineering;aide-arch-test-fixes;aide-pre-push-gate;developer-way,Govern this cross-cutting procedure once through the named SOP family; add domain-specific checks only where evidence requires them.,TRIAGE_ONLY_NOT_CERTIFIED
llm-systems-regression-analysis,llm-systems,regression-analysis,medium,PROPOSED_RECONCILE,SOP_GOVERNED,aide-arch-test-fixes;aide-task-verification-battery;developer-way,Govern this cross-cutting procedure once through the named SOP family; add domain-specific checks only where evidence requires them.,TRIAGE_ONLY_NOT_CERTIFIED
llm-systems-root-cause-repair,llm-systems,root-cause-repair,medium,PROPOSED_RECONCILE,SOP_GOVERNED,aide-debugging-discipline;aide-unified-diff-repair;ask-dont-circle;developer-way,Govern this cross-cutting procedure once through the named SOP family; add domain-specific checks only where evidence requires them.,TRIAGE_ONLY_NOT_CERTIFIED
llm-systems-dependency-audit,llm-systems,dependency-audit,medium,PROPOSED_RECONCILE,SOP_GOVERNED,aide-supply-chain-audit;aide-arch-packaging-release;aide-ci-diagnostics,Govern this cross-cutting procedure once through the named SOP family; add domain-specific checks only where evidence requires them.,TRIAGE_ONLY_NOT_CERTIFIED
llm-systems-release-readiness,llm-systems,release-readiness,high,PROPOSED_RECONCILE,WORKFLOW_COMPOSITION,aide-harness-prompt-scaffolding;aide-arch-model-runtime;aide-model-task-recommender;aide-context-retrieval-wiring;covert-context-control;aide-agent-workflow-sop;aide-autonomous-workflow;aide-master-roadmap,"Compose this multi-step activity in a curated workflow/pack. Existing workbench flows are adjacent composition examples, not proof this target-domain workflow exists.",TRIAGE_ONLY_NOT_CERTIFIED
llm-systems-evidence-capture,llm-systems,evidence-capture,medium,PROPOSED_RECONCILE,NOT_APPROPRIATE_AS_SKILL,aide-task-verification-battery;aide-veritas-layer;aide-pre-push-gate,This is a deterministic verification/evidence outcome; expose the gate in a workflow and record its result instead of relying on prompt instructions.,TRIAGE_ONLY_NOT_CERTIFIED
llm-systems-post-acceptance-monitoring,llm-systems,post-acceptance-monitoring,medium,PROPOSED_RECONCILE,WORKFLOW_COMPOSITION,aide-harness-prompt-scaffolding;aide-arch-model-runtime;aide-model-task-recommender;aide-context-retrieval-wiring;covert-context-control;aide-agent-workflow-sop;aide-autonomous-workflow;aide-master-roadmap,"Compose this multi-step activity in a curated workflow/pack. Existing workbench flows are adjacent composition examples, not proof this target-domain workflow exists.",TRIAGE_ONLY_NOT_CERTIFIED
llm-systems-maintenance-upgrade,llm-systems,maintenance-upgrade,medium,PROPOSED_RECONCILE,WORKFLOW_COMPOSITION,aide-harness-prompt-scaffolding;aide-arch-model-runtime;aide-model-task-recommender;aide-context-retrieval-wiring;covert-context-control;aide-agent-workflow-sop;aide-autonomous-workflow;aide-master-roadmap,"Compose this multi-step activity in a curated workflow/pack. Existing workbench flows are adjacent composition examples, not proof this target-domain workflow exists.",TRIAGE_ONLY_NOT_CERTIFIED
databases-requirements-discovery,databases,requirements-discovery,medium,PROPOSED_RECONCILE,WORKFLOW_COMPOSITION,aide-session-resilience;aide-helix-memory;aide-arch-backend-core;aide-agent-workflow-sop;aide-autonomous-workflow;aide-master-roadmap,"Compose this multi-step activity in a curated workflow/pack. Existing workbench flows are adjacent composition examples, not proof this target-domain workflow exists.",TRIAGE_ONLY_NOT_CERTIFIED
databases-environment-inspection,databases,environment-inspection,medium,PROPOSED_RECONCILE,WORKFLOW_COMPOSITION,aide-session-resilience;aide-helix-memory;aide-arch-backend-core;aide-agent-workflow-sop;aide-autonomous-workflow;aide-master-roadmap,"Compose this multi-step activity in a curated workflow/pack. Existing workbench flows are adjacent composition examples, not proof this target-domain workflow exists.",TRIAGE_ONLY_NOT_CERTIFIED
databases-reference-research,databases,reference-research,medium,PROPOSED_RECONCILE,WORKFLOW_COMPOSITION,aide-session-resilience;aide-helix-memory;aide-arch-backend-core;aide-agent-workflow-sop;aide-autonomous-workflow;aide-master-roadmap,"Compose this multi-step activity in a curated workflow/pack. Existing workbench flows are adjacent composition examples, not proof this target-domain workflow exists.",TRIAGE_ONLY_NOT_CERTIFIED
databases-architecture-plan,databases,architecture-plan,medium,PROPOSED_RECONCILE,WORKFLOW_COMPOSITION,aide-session-resilience;aide-helix-memory;aide-arch-backend-core;aide-agent-workflow-sop;aide-autonomous-workflow;aide-master-roadmap,"Compose this multi-step activity in a curated workflow/pack. Existing workbench flows are adjacent composition examples, not proof this target-domain workflow exists.",TRIAGE_ONLY_NOT_CERTIFIED
databases-interface-contract,databases,interface-contract,medium,PROPOSED_RECONCILE,PARTIALLY_SATISFIED,aide-helix-memory,"Related domain skill text exists, but it lacks the supplied formal contract and coordinate-level routing/certification evidence.",TRIAGE_ONLY_NOT_CERTIFIED
databases-data-contract,databases,data-contract,medium,PROPOSED_RECONCILE,MISSING_HIGH_VALUE,aide-session-resilience;aide-helix-memory;aide-arch-backend-core,No operation-specific match was found in the curated domain skill family; prioritize because the catalog marks it high risk or the domain is on the current software-product/release path.,TRIAGE_ONLY_NOT_CERTIFIED
databases-implementation-plan,databases,implementation-plan,medium,PROPOSED_RECONCILE,WORKFLOW_COMPOSITION,aide-session-resilience;aide-helix-memory;aide-arch-backend-core;aide-agent-workflow-sop;aide-autonomous-workflow;aide-master-roadmap,"Compose this multi-step activity in a curated workflow/pack. Existing workbench flows are adjacent composition examples, not proof this target-domain workflow exists.",TRIAGE_ONLY_NOT_CERTIFIED
databases-prototype,databases,prototype,medium,PROPOSED_RECONCILE,WORKFLOW_COMPOSITION,aide-session-resilience;aide-helix-memory;aide-arch-backend-core;aide-agent-workflow-sop;aide-autonomous-workflow;aide-master-roadmap,"Compose this multi-step activity in a curated workflow/pack. Existing workbench flows are adjacent composition examples, not proof this target-domain workflow exists.",TRIAGE_ONLY_NOT_CERTIFIED
databases-implementation,databases,implementation,medium,PROPOSED_RECONCILE,WORKFLOW_COMPOSITION,aide-session-resilience;aide-helix-memory;aide-arch-backend-core;aide-agent-workflow-sop;aide-autonomous-workflow;aide-master-roadmap,"Compose this multi-step activity in a curated workflow/pack. Existing workbench flows are adjacent composition examples, not proof this target-domain workflow exists.",TRIAGE_ONLY_NOT_CERTIFIED
databases-integration,databases,integration,medium,PROPOSED_RECONCILE,WORKFLOW_COMPOSITION,aide-session-resilience;aide-helix-memory;aide-arch-backend-core;aide-agent-workflow-sop;aide-autonomous-workflow;aide-master-roadmap,"Compose this multi-step activity in a curated workflow/pack. Existing workbench flows are adjacent composition examples, not proof this target-domain workflow exists.",TRIAGE_ONLY_NOT_CERTIFIED
databases-configuration,databases,configuration,medium,PROPOSED_RECONCILE,WORKFLOW_COMPOSITION,aide-session-resilience;aide-helix-memory;aide-arch-backend-core;aide-agent-workflow-sop;aide-autonomous-workflow;aide-master-roadmap,"Compose this multi-step activity in a curated workflow/pack. Existing workbench flows are adjacent composition examples, not proof this target-domain workflow exists.",TRIAGE_ONLY_NOT_CERTIFIED
databases-migration,databases,migration,medium,PROPOSED_RECONCILE,WORKFLOW_COMPOSITION,aide-session-resilience;aide-helix-memory;aide-arch-backend-core;aide-agent-workflow-sop;aide-autonomous-workflow;aide-master-roadmap,"Compose this multi-step activity in a curated workflow/pack. Existing workbench flows are adjacent composition examples, not proof this target-domain workflow exists.",TRIAGE_ONLY_NOT_CERTIFIED
databases-compatibility,databases,compatibility,medium,PROPOSED_RECONCILE,PARTIALLY_SATISFIED,aide-helix-memory,"Related domain skill text exists, but it lacks the supplied formal contract and coordinate-level routing/certification evidence.",TRIAGE_ONLY_NOT_CERTIFIED
databases-error-handling,databases,error-handling,medium,PROPOSED_RECONCILE,PARTIALLY_SATISFIED,aide-helix-memory;aide-arch-backend-core,"Related domain skill text exists, but it lacks the supplied formal contract and coordinate-level routing/certification evidence.",TRIAGE_ONLY_NOT_CERTIFIED
databases-edge-cases,databases,edge-cases,medium,PROPOSED_RECONCILE,MISSING_HIGH_VALUE,aide-session-resilience;aide-helix-memory;aide-arch-backend-core,No operation-specific match was found in the curated domain skill family; prioritize because the catalog marks it high risk or the domain is on the current software-product/release path.,TRIAGE_ONLY_NOT_CERTIFIED
databases-security-review,databases,security-review,high,PROPOSED_RECONCILE,SOP_GOVERNED,aide-security-hardening;aide-supply-chain-audit;developer-way,Govern this cross-cutting procedure once through the named SOP family; add domain-specific checks only where evidence requires them.,TRIAGE_ONLY_NOT_CERTIFIED
databases-privacy-review,databases,privacy-review,medium,PROPOSED_RECONCILE,SOP_GOVERNED,covert-context-control;aide-offline-agent-loop;aide-secrets-handling-protocol;developer-way,Govern this cross-cutting procedure once through the named SOP family; add domain-specific checks only where evidence requires them.,TRIAGE_ONLY_NOT_CERTIFIED
databases-accessibility-review,databases,accessibility-review,medium,PROPOSED_RECONCILE,MISSING_HIGH_VALUE,aide-session-resilience;aide-helix-memory;aide-arch-backend-core,No operation-specific match was found in the curated domain skill family; prioritize because the catalog marks it high risk or the domain is on the current software-product/release path.,TRIAGE_ONLY_NOT_CERTIFIED
databases-performance-budget,databases,performance-budget,medium,PROPOSED_RECONCILE,MISSING_HIGH_VALUE,aide-session-resilience;aide-helix-memory;aide-arch-backend-core,No operation-specific match was found in the curated domain skill family; prioritize because the catalog marks it high risk or the domain is on the current software-product/release path.,TRIAGE_ONLY_NOT_CERTIFIED
databases-performance-profile,databases,performance-profile,medium,PROPOSED_RECONCILE,MISSING_HIGH_VALUE,aide-session-resilience;aide-helix-memory;aide-arch-backend-core,No operation-specific match was found in the curated domain skill family; prioritize because the catalog marks it high risk or the domain is on the current software-product/release path.,TRIAGE_ONLY_NOT_CERTIFIED
databases-unit-verification,databases,unit-verification,medium,PROPOSED_RECONCILE,NOT_APPROPRIATE_AS_SKILL,aide-task-verification-battery;aide-veritas-layer;aide-pre-push-gate,This is a deterministic verification/evidence outcome; expose the gate in a workflow and record its result instead of relying on prompt instructions.,TRIAGE_ONLY_NOT_CERTIFIED
databases-integration-verification,databases,integration-verification,medium,PROPOSED_RECONCILE,NOT_APPROPRIATE_AS_SKILL,aide-task-verification-battery;aide-veritas-layer;aide-pre-push-gate,This is a deterministic verification/evidence outcome; expose the gate in a workflow and record its result instead of relying on prompt instructions.,TRIAGE_ONLY_NOT_CERTIFIED
databases-e2e-verification,databases,e2e-verification,medium,PROPOSED_RECONCILE,NOT_APPROPRIATE_AS_SKILL,aide-task-verification-battery;aide-veritas-layer;aide-pre-push-gate,This is a deterministic verification/evidence outcome; expose the gate in a workflow and record its result instead of relying on prompt instructions.,TRIAGE_ONLY_NOT_CERTIFIED
databases-negative-testing,databases,negative-testing,medium,PROPOSED_RECONCILE,PARTIALLY_SATISFIED,aide-arch-backend-core,"Related domain skill text exists, but it lacks the supplied formal contract and coordinate-level routing/certification evidence.",TRIAGE_ONLY_NOT_CERTIFIED
databases-fault-injection,databases,fault-injection,medium,PROPOSED_RECONCILE,MISSING_HIGH_VALUE,aide-session-resilience;aide-helix-memory;aide-arch-backend-core,No operation-specific match was found in the curated domain skill family; prioritize because the catalog marks it high risk or the domain is on the current software-product/release path.,TRIAGE_ONLY_NOT_CERTIFIED
databases-cross-platform-check,databases,cross-platform-check,medium,PROPOSED_RECONCILE,WORKFLOW_COMPOSITION,aide-session-resilience;aide-helix-memory;aide-arch-backend-core;aide-agent-workflow-sop;aide-autonomous-workflow;aide-master-roadmap,"Compose this multi-step activity in a curated workflow/pack. Existing workbench flows are adjacent composition examples, not proof this target-domain workflow exists.",TRIAGE_ONLY_NOT_CERTIFIED
databases-offline-check,databases,offline-check,medium,PROPOSED_RECONCILE,WORKFLOW_COMPOSITION,aide-session-resilience;aide-helix-memory;aide-arch-backend-core;aide-agent-workflow-sop;aide-autonomous-workflow;aide-master-roadmap,"Compose this multi-step activity in a curated workflow/pack. Existing workbench flows are adjacent composition examples, not proof this target-domain workflow exists.",TRIAGE_ONLY_NOT_CERTIFIED
databases-restart-recovery,databases,restart-recovery,medium,PROPOSED_RECONCILE,WORKFLOW_COMPOSITION,aide-session-resilience;aide-helix-memory;aide-arch-backend-core;aide-agent-workflow-sop;aide-autonomous-workflow;aide-master-roadmap,"Compose this multi-step activity in a curated workflow/pack. Existing workbench flows are adjacent composition examples, not proof this target-domain workflow exists.",TRIAGE_ONLY_NOT_CERTIFIED
databases-observability,databases,observability,medium,PROPOSED_RECONCILE,MISSING_HIGH_VALUE,aide-session-resilience;aide-helix-memory;aide-arch-backend-core,No operation-specific match was found in the curated domain skill family; prioritize because the catalog marks it high risk or the domain is on the current software-product/release path.,TRIAGE_ONLY_NOT_CERTIFIED
databases-logging-diagnostics,databases,logging-diagnostics,medium,PROPOSED_RECONCILE,PARTIALLY_SATISFIED,aide-arch-backend-core,"Related domain skill text exists, but it lacks the supplied formal contract and coordinate-level routing/certification evidence.",TRIAGE_ONLY_NOT_CERTIFIED
databases-documentation,databases,documentation,medium,PROPOSED_RECONCILE,MISSING_HIGH_VALUE,aide-session-resilience;aide-helix-memory;aide-arch-backend-core,No operation-specific match was found in the curated domain skill family; prioritize because the catalog marks it high risk or the domain is on the current software-product/release path.,TRIAGE_ONLY_NOT_CERTIFIED
databases-operator-runbook,databases,operator-runbook,medium,PROPOSED_RECONCILE,SOP_GOVERNED,agent-notes;aide-aide-stack-launch-and-recover;developer-way,Govern this cross-cutting procedure once through the named SOP family; add domain-specific checks only where evidence requires them.,TRIAGE_ONLY_NOT_CERTIFIED
databases-code-review,databases,code-review,medium,PROPOSED_RECONCILE,SOP_GOVERNED,aide-release-engineering;aide-arch-test-fixes;aide-pre-push-gate;developer-way,Govern this cross-cutting procedure once through the named SOP family; add domain-specific checks only where evidence requires them.,TRIAGE_ONLY_NOT_CERTIFIED
databases-regression-analysis,databases,regression-analysis,medium,PROPOSED_RECONCILE,SOP_GOVERNED,aide-arch-test-fixes;aide-task-verification-battery;developer-way,Govern this cross-cutting procedure once through the named SOP family; add domain-specific checks only where evidence requires them.,TRIAGE_ONLY_NOT_CERTIFIED
databases-root-cause-repair,databases,root-cause-repair,medium,PROPOSED_RECONCILE,SOP_GOVERNED,aide-debugging-discipline;aide-unified-diff-repair;ask-dont-circle;developer-way,Govern this cross-cutting procedure once through the named SOP family; add domain-specific checks only where evidence requires them.,TRIAGE_ONLY_NOT_CERTIFIED
databases-dependency-audit,databases,dependency-audit,medium,PROPOSED_RECONCILE,SOP_GOVERNED,aide-supply-chain-audit;aide-arch-packaging-release;aide-ci-diagnostics,Govern this cross-cutting procedure once through the named SOP family; add domain-specific checks only where evidence requires them.,TRIAGE_ONLY_NOT_CERTIFIED
databases-release-readiness,databases,release-readiness,high,PROPOSED_RECONCILE,WORKFLOW_COMPOSITION,aide-session-resilience;aide-helix-memory;aide-arch-backend-core;aide-agent-workflow-sop;aide-autonomous-workflow;aide-master-roadmap,"Compose this multi-step activity in a curated workflow/pack. Existing workbench flows are adjacent composition examples, not proof this target-domain workflow exists.",TRIAGE_ONLY_NOT_CERTIFIED
databases-evidence-capture,databases,evidence-capture,medium,PROPOSED_RECONCILE,NOT_APPROPRIATE_AS_SKILL,aide-task-verification-battery;aide-veritas-layer;aide-pre-push-gate,This is a deterministic verification/evidence outcome; expose the gate in a workflow and record its result instead of relying on prompt instructions.,TRIAGE_ONLY_NOT_CERTIFIED
databases-post-acceptance-monitoring,databases,post-acceptance-monitoring,medium,PROPOSED_RECONCILE,WORKFLOW_COMPOSITION,aide-session-resilience;aide-helix-memory;aide-arch-backend-core;aide-agent-workflow-sop;aide-autonomous-workflow;aide-master-roadmap,"Compose this multi-step activity in a curated workflow/pack. Existing workbench flows are adjacent composition examples, not proof this target-domain workflow exists.",TRIAGE_ONLY_NOT_CERTIFIED
databases-maintenance-upgrade,databases,maintenance-upgrade,medium,PROPOSED_RECONCILE,WORKFLOW_COMPOSITION,aide-session-resilience;aide-helix-memory;aide-arch-backend-core;aide-agent-workflow-sop;aide-autonomous-workflow;aide-master-roadmap,"Compose this multi-step activity in a curated workflow/pack. Existing workbench flows are adjacent composition examples, not proof this target-domain workflow exists.",TRIAGE_ONLY_NOT_CERTIFIED
apis-integrations-requirements-discovery,apis-integrations,requirements-discovery,medium,PROPOSED_RECONCILE,WORKFLOW_COMPOSITION,adapter-serve-routing;aide-arch-wiring;aide-mcp-inbox-surface;aide-mcp-server-recommendations;aide-provider-connect;aide-route-slice-sop;aide-plugins-surface-v1;aide-agent-workflow-sop,"Compose this multi-step activity in a curated workflow/pack. Existing workbench flows are adjacent composition examples, not proof this target-domain workflow exists.",TRIAGE_ONLY_NOT_CERTIFIED
apis-integrations-environment-inspection,apis-integrations,environment-inspection,medium,PROPOSED_RECONCILE,WORKFLOW_COMPOSITION,adapter-serve-routing;aide-arch-wiring;aide-mcp-inbox-surface;aide-mcp-server-recommendations;aide-provider-connect;aide-route-slice-sop;aide-plugins-surface-v1;aide-agent-workflow-sop,"Compose this multi-step activity in a curated workflow/pack. Existing workbench flows are adjacent composition examples, not proof this target-domain workflow exists.",TRIAGE_ONLY_NOT_CERTIFIED
apis-integrations-reference-research,apis-integrations,reference-research,medium,PROPOSED_RECONCILE,WORKFLOW_COMPOSITION,adapter-serve-routing;aide-arch-wiring;aide-mcp-inbox-surface;aide-mcp-server-recommendations;aide-provider-connect;aide-route-slice-sop;aide-plugins-surface-v1;aide-agent-workflow-sop,"Compose this multi-step activity in a curated workflow/pack. Existing workbench flows are adjacent composition examples, not proof this target-domain workflow exists.",TRIAGE_ONLY_NOT_CERTIFIED
apis-integrations-architecture-plan,apis-integrations,architecture-plan,medium,PROPOSED_RECONCILE,WORKFLOW_COMPOSITION,adapter-serve-routing;aide-arch-wiring;aide-mcp-inbox-surface;aide-mcp-server-recommendations;aide-provider-connect;aide-route-slice-sop;aide-plugins-surface-v1;aide-agent-workflow-sop,"Compose this multi-step activity in a curated workflow/pack. Existing workbench flows are adjacent composition examples, not proof this target-domain workflow exists.",TRIAGE_ONLY_NOT_CERTIFIED
apis-integrations-interface-contract,apis-integrations,interface-contract,medium,PROPOSED_RECONCILE,PARTIALLY_SATISFIED,aide-arch-wiring;aide-route-slice-sop,"Related domain skill text exists, but it lacks the supplied formal contract and coordinate-level routing/certification evidence.",TRIAGE_ONLY_NOT_CERTIFIED
apis-integrations-data-contract,apis-integrations,data-contract,medium,PROPOSED_RECONCILE,PARTIALLY_SATISFIED,aide-arch-wiring;aide-provider-connect,"Related domain skill text exists, but it lacks the supplied formal contract and coordinate-level routing/certification evidence.",TRIAGE_ONLY_NOT_CERTIFIED
apis-integrations-implementation-plan,apis-integrations,implementation-plan,medium,PROPOSED_RECONCILE,WORKFLOW_COMPOSITION,adapter-serve-routing;aide-arch-wiring;aide-mcp-inbox-surface;aide-mcp-server-recommendations;aide-provider-connect;aide-route-slice-sop;aide-plugins-surface-v1;aide-agent-workflow-sop,"Compose this multi-step activity in a curated workflow/pack. Existing workbench flows are adjacent composition examples, not proof this target-domain workflow exists.",TRIAGE_ONLY_NOT_CERTIFIED
apis-integrations-prototype,apis-integrations,prototype,medium,PROPOSED_RECONCILE,WORKFLOW_COMPOSITION,adapter-serve-routing;aide-arch-wiring;aide-mcp-inbox-surface;aide-mcp-server-recommendations;aide-provider-connect;aide-route-slice-sop;aide-plugins-surface-v1;aide-agent-workflow-sop,"Compose this multi-step activity in a curated workflow/pack. Existing workbench flows are adjacent composition examples, not proof this target-domain workflow exists.",TRIAGE_ONLY_NOT_CERTIFIED
apis-integrations-implementation,apis-integrations,implementation,medium,PROPOSED_RECONCILE,WORKFLOW_COMPOSITION,adapter-serve-routing;aide-arch-wiring;aide-mcp-inbox-surface;aide-mcp-server-recommendations;aide-provider-connect;aide-route-slice-sop;aide-plugins-surface-v1;aide-agent-workflow-sop,"Compose this multi-step activity in a curated workflow/pack. Existing workbench flows are adjacent composition examples, not proof this target-domain workflow exists.",TRIAGE_ONLY_NOT_CERTIFIED
apis-integrations-integration,apis-integrations,integration,medium,PROPOSED_RECONCILE,WORKFLOW_COMPOSITION,adapter-serve-routing;aide-arch-wiring;aide-mcp-inbox-surface;aide-mcp-server-recommendations;aide-provider-connect;aide-route-slice-sop;aide-plugins-surface-v1;aide-agent-workflow-sop,"Compose this multi-step activity in a curated workflow/pack. Existing workbench flows are adjacent composition examples, not proof this target-domain workflow exists.",TRIAGE_ONLY_NOT_CERTIFIED
apis-integrations-configuration,apis-integrations,configuration,medium,PROPOSED_RECONCILE,WORKFLOW_COMPOSITION,adapter-serve-routing;aide-arch-wiring;aide-mcp-inbox-surface;aide-mcp-server-recommendations;aide-provider-connect;aide-route-slice-sop;aide-plugins-surface-v1;aide-agent-workflow-sop,"Compose this multi-step activity in a curated workflow/pack. Existing workbench flows are adjacent composition examples, not proof this target-domain workflow exists.",TRIAGE_ONLY_NOT_CERTIFIED
apis-integrations-migration,apis-integrations,migration,medium,PROPOSED_RECONCILE,WORKFLOW_COMPOSITION,adapter-serve-routing;aide-arch-wiring;aide-mcp-inbox-surface;aide-mcp-server-recommendations;aide-provider-connect;aide-route-slice-sop;aide-plugins-surface-v1;aide-agent-workflow-sop,"Compose this multi-step activity in a curated workflow/pack. Existing workbench flows are adjacent composition examples, not proof this target-domain workflow exists.",TRIAGE_ONLY_NOT_CERTIFIED
apis-integrations-compatibility,apis-integrations,compatibility,medium,PROPOSED_RECONCILE,PARTIALLY_SATISFIED,aide-provider-connect;aide-route-slice-sop;aide-plugins-surface-v1,"Related domain skill text exists, but it lacks the supplied formal contract and coordinate-level routing/certification evidence.",TRIAGE_ONLY_NOT_CERTIFIED
apis-integrations-error-handling,apis-integrations,error-handling,medium,PROPOSED_RECONCILE,PARTIALLY_SATISFIED,aide-arch-wiring;aide-provider-connect,"Related domain skill text exists, but it lacks the supplied formal contract and coordinate-level routing/certification evidence.",TRIAGE_ONLY_NOT_CERTIFIED
apis-integrations-edge-cases,apis-integrations,edge-cases,medium,PROPOSED_RECONCILE,PARTIALLY_SATISFIED,adapter-serve-routing;aide-provider-connect;aide-route-slice-sop,"Related domain skill text exists, but it lacks the supplied formal contract and coordinate-level routing/certification evidence.",TRIAGE_ONLY_NOT_CERTIFIED
apis-integrations-security-review,apis-integrations,security-review,high,PROPOSED_RECONCILE,SOP_GOVERNED,aide-security-hardening;aide-supply-chain-audit;developer-way,Govern this cross-cutting procedure once through the named SOP family; add domain-specific checks only where evidence requires them.,TRIAGE_ONLY_NOT_CERTIFIED
apis-integrations-privacy-review,apis-integrations,privacy-review,medium,PROPOSED_RECONCILE,SOP_GOVERNED,covert-context-control;aide-offline-agent-loop;aide-secrets-handling-protocol;developer-way,Govern this cross-cutting procedure once through the named SOP family; add domain-specific checks only where evidence requires them.,TRIAGE_ONLY_NOT_CERTIFIED
apis-integrations-accessibility-review,apis-integrations,accessibility-review,medium,PROPOSED_RECONCILE,MISSING_HIGH_VALUE,adapter-serve-routing;aide-arch-wiring;aide-mcp-inbox-surface;aide-mcp-server-recommendations;aide-provider-connect,No operation-specific match was found in the curated domain skill family; prioritize because the catalog marks it high risk or the domain is on the current software-product/release path.,TRIAGE_ONLY_NOT_CERTIFIED
apis-integrations-performance-budget,apis-integrations,performance-budget,medium,PROPOSED_RECONCILE,MISSING_HIGH_VALUE,adapter-serve-routing;aide-arch-wiring;aide-mcp-inbox-surface;aide-mcp-server-recommendations;aide-provider-connect,No operation-specific match was found in the curated domain skill family; prioritize because the catalog marks it high risk or the domain is on the current software-product/release path.,TRIAGE_ONLY_NOT_CERTIFIED
apis-integrations-performance-profile,apis-integrations,performance-profile,medium,PROPOSED_RECONCILE,MISSING_HIGH_VALUE,adapter-serve-routing;aide-arch-wiring;aide-mcp-inbox-surface;aide-mcp-server-recommendations;aide-provider-connect,No operation-specific match was found in the curated domain skill family; prioritize because the catalog marks it high risk or the domain is on the current software-product/release path.,TRIAGE_ONLY_NOT_CERTIFIED
apis-integrations-unit-verification,apis-integrations,unit-verification,medium,PROPOSED_RECONCILE,NOT_APPROPRIATE_AS_SKILL,aide-task-verification-battery;aide-veritas-layer;aide-pre-push-gate,This is a deterministic verification/evidence outcome; expose the gate in a workflow and record its result instead of relying on prompt instructions.,TRIAGE_ONLY_NOT_CERTIFIED
apis-integrations-integration-verification,apis-integrations,integration-verification,medium,PROPOSED_RECONCILE,NOT_APPROPRIATE_AS_SKILL,aide-task-verification-battery;aide-veritas-layer;aide-pre-push-gate,This is a deterministic verification/evidence outcome; expose the gate in a workflow and record its result instead of relying on prompt instructions.,TRIAGE_ONLY_NOT_CERTIFIED
apis-integrations-e2e-verification,apis-integrations,e2e-verification,medium,PROPOSED_RECONCILE,NOT_APPROPRIATE_AS_SKILL,aide-task-verification-battery;aide-veritas-layer;aide-pre-push-gate,This is a deterministic verification/evidence outcome; expose the gate in a workflow and record its result instead of relying on prompt instructions.,TRIAGE_ONLY_NOT_CERTIFIED
apis-integrations-negative-testing,apis-integrations,negative-testing,medium,PROPOSED_RECONCILE,PARTIALLY_SATISFIED,adapter-serve-routing;aide-arch-wiring,"Related domain skill text exists, but it lacks the supplied formal contract and coordinate-level routing/certification evidence.",TRIAGE_ONLY_NOT_CERTIFIED
apis-integrations-fault-injection,apis-integrations,fault-injection,medium,PROPOSED_RECONCILE,MISSING_HIGH_VALUE,adapter-serve-routing;aide-arch-wiring;aide-mcp-inbox-surface;aide-mcp-server-recommendations;aide-provider-connect,No operation-specific match was found in the curated domain skill family; prioritize because the catalog marks it high risk or the domain is on the current software-product/release path.,TRIAGE_ONLY_NOT_CERTIFIED
apis-integrations-cross-platform-check,apis-integrations,cross-platform-check,medium,PROPOSED_RECONCILE,WORKFLOW_COMPOSITION,adapter-serve-routing;aide-arch-wiring;aide-mcp-inbox-surface;aide-mcp-server-recommendations;aide-provider-connect;aide-route-slice-sop;aide-plugins-surface-v1;aide-agent-workflow-sop,"Compose this multi-step activity in a curated workflow/pack. Existing workbench flows are adjacent composition examples, not proof this target-domain workflow exists.",TRIAGE_ONLY_NOT_CERTIFIED
apis-integrations-offline-check,apis-integrations,offline-check,medium,PROPOSED_RECONCILE,WORKFLOW_COMPOSITION,adapter-serve-routing;aide-arch-wiring;aide-mcp-inbox-surface;aide-mcp-server-recommendations;aide-provider-connect;aide-route-slice-sop;aide-plugins-surface-v1;aide-agent-workflow-sop,"Compose this multi-step activity in a curated workflow/pack. Existing workbench flows are adjacent composition examples, not proof this target-domain workflow exists.",TRIAGE_ONLY_NOT_CERTIFIED
apis-integrations-restart-recovery,apis-integrations,restart-recovery,medium,PROPOSED_RECONCILE,WORKFLOW_COMPOSITION,adapter-serve-routing;aide-arch-wiring;aide-mcp-inbox-surface;aide-mcp-server-recommendations;aide-provider-connect;aide-route-slice-sop;aide-plugins-surface-v1;aide-agent-workflow-sop,"Compose this multi-step activity in a curated workflow/pack. Existing workbench flows are adjacent composition examples, not proof this target-domain workflow exists.",TRIAGE_ONLY_NOT_CERTIFIED
apis-integrations-observability,apis-integrations,observability,medium,PROPOSED_RECONCILE,PARTIALLY_SATISFIED,adapter-serve-routing;aide-mcp-inbox-surface,"Related domain skill text exists, but it lacks the supplied formal contract and coordinate-level routing/certification evidence.",TRIAGE_ONLY_NOT_CERTIFIED
apis-integrations-logging-diagnostics,apis-integrations,logging-diagnostics,medium,PROPOSED_RECONCILE,PARTIALLY_SATISFIED,aide-arch-wiring;aide-route-slice-sop,"Related domain skill text exists, but it lacks the supplied formal contract and coordinate-level routing/certification evidence.",TRIAGE_ONLY_NOT_CERTIFIED
apis-integrations-documentation,apis-integrations,documentation,medium,PROPOSED_RECONCILE,PARTIALLY_SATISFIED,aide-arch-wiring;aide-mcp-server-recommendations;aide-provider-connect;aide-plugins-surface-v1,"Related domain skill text exists, but it lacks the supplied formal contract and coordinate-level routing/certification evidence.",TRIAGE_ONLY_NOT_CERTIFIED
apis-integrations-operator-runbook,apis-integrations,operator-runbook,medium,PROPOSED_RECONCILE,SOP_GOVERNED,agent-notes;aide-aide-stack-launch-and-recover;developer-way,Govern this cross-cutting procedure once through the named SOP family; add domain-specific checks only where evidence requires them.,TRIAGE_ONLY_NOT_CERTIFIED
apis-integrations-code-review,apis-integrations,code-review,medium,PROPOSED_RECONCILE,SOP_GOVERNED,aide-release-engineering;aide-arch-test-fixes;aide-pre-push-gate;developer-way,Govern this cross-cutting procedure once through the named SOP family; add domain-specific checks only where evidence requires them.,TRIAGE_ONLY_NOT_CERTIFIED
apis-integrations-regression-analysis,apis-integrations,regression-analysis,medium,PROPOSED_RECONCILE,SOP_GOVERNED,aide-arch-test-fixes;aide-task-verification-battery;developer-way,Govern this cross-cutting procedure once through the named SOP family; add domain-specific checks only where evidence requires them.,TRIAGE_ONLY_NOT_CERTIFIED
apis-integrations-root-cause-repair,apis-integrations,root-cause-repair,medium,PROPOSED_RECONCILE,SOP_GOVERNED,aide-debugging-discipline;aide-unified-diff-repair;ask-dont-circle;developer-way,Govern this cross-cutting procedure once through the named SOP family; add domain-specific checks only where evidence requires them.,TRIAGE_ONLY_NOT_CERTIFIED
apis-integrations-dependency-audit,apis-integrations,dependency-audit,medium,PROPOSED_RECONCILE,SOP_GOVERNED,aide-supply-chain-audit;aide-arch-packaging-release;aide-ci-diagnostics,Govern this cross-cutting procedure once through the named SOP family; add domain-specific checks only where evidence requires them.,TRIAGE_ONLY_NOT_CERTIFIED
apis-integrations-release-readiness,apis-integrations,release-readiness,high,PROPOSED_RECONCILE,WORKFLOW_COMPOSITION,adapter-serve-routing;aide-arch-wiring;aide-mcp-inbox-surface;aide-mcp-server-recommendations;aide-provider-connect;aide-route-slice-sop;aide-plugins-surface-v1;aide-agent-workflow-sop,"Compose this multi-step activity in a curated workflow/pack. Existing workbench flows are adjacent composition examples, not proof this target-domain workflow exists.",TRIAGE_ONLY_NOT_CERTIFIED
apis-integrations-evidence-capture,apis-integrations,evidence-capture,medium,PROPOSED_RECONCILE,NOT_APPROPRIATE_AS_SKILL,aide-task-verification-battery;aide-veritas-layer;aide-pre-push-gate,This is a deterministic verification/evidence outcome; expose the gate in a workflow and record its result instead of relying on prompt instructions.,TRIAGE_ONLY_NOT_CERTIFIED
apis-integrations-post-acceptance-monitoring,apis-integrations,post-acceptance-monitoring,medium,PROPOSED_RECONCILE,WORKFLOW_COMPOSITION,adapter-serve-routing;aide-arch-wiring;aide-mcp-inbox-surface;aide-mcp-server-recommendations;aide-provider-connect;aide-route-slice-sop;aide-plugins-surface-v1;aide-agent-workflow-sop,"Compose this multi-step activity in a curated workflow/pack. Existing workbench flows are adjacent composition examples, not proof this target-domain workflow exists.",TRIAGE_ONLY_NOT_CERTIFIED
apis-integrations-maintenance-upgrade,apis-integrations,maintenance-upgrade,medium,PROPOSED_RECONCILE,WORKFLOW_COMPOSITION,adapter-serve-routing;aide-arch-wiring;aide-mcp-inbox-surface;aide-mcp-server-recommendations;aide-provider-connect;aide-route-slice-sop;aide-plugins-surface-v1;aide-agent-workflow-sop,"Compose this multi-step activity in a curated workflow/pack. Existing workbench flows are adjacent composition examples, not proof this target-domain workflow exists.",TRIAGE_ONLY_NOT_CERTIFIED
git-collaboration-requirements-discovery,git-collaboration,requirements-discovery,medium,PROPOSED_RECONCILE,WORKFLOW_COMPOSITION,aide-arch-git;aide-worktree-isolation;aide-release-engineering;aide-pre-push-gate;aide-agent-workflow-sop;aide-autonomous-workflow;aide-master-roadmap,"Compose this multi-step activity in a curated workflow/pack. Existing workbench flows are adjacent composition examples, not proof this target-domain workflow exists.",TRIAGE_ONLY_NOT_CERTIFIED
git-collaboration-environment-inspection,git-collaboration,environment-inspection,medium,PROPOSED_RECONCILE,WORKFLOW_COMPOSITION,aide-arch-git;aide-worktree-isolation;aide-release-engineering;aide-pre-push-gate;aide-agent-workflow-sop;aide-autonomous-workflow;aide-master-roadmap,"Compose this multi-step activity in a curated workflow/pack. Existing workbench flows are adjacent composition examples, not proof this target-domain workflow exists.",TRIAGE_ONLY_NOT_CERTIFIED
git-collaboration-reference-research,git-collaboration,reference-research,medium,PROPOSED_RECONCILE,WORKFLOW_COMPOSITION,aide-arch-git;aide-worktree-isolation;aide-release-engineering;aide-pre-push-gate;aide-agent-workflow-sop;aide-autonomous-workflow;aide-master-roadmap,"Compose this multi-step activity in a curated workflow/pack. Existing workbench flows are adjacent composition examples, not proof this target-domain workflow exists.",TRIAGE_ONLY_NOT_CERTIFIED
git-collaboration-architecture-plan,git-collaboration,architecture-plan,medium,PROPOSED_RECONCILE,WORKFLOW_COMPOSITION,aide-arch-git;aide-worktree-isolation;aide-release-engineering;aide-pre-push-gate;aide-agent-workflow-sop;aide-autonomous-workflow;aide-master-roadmap,"Compose this multi-step activity in a curated workflow/pack. Existing workbench flows are adjacent composition examples, not proof this target-domain workflow exists.",TRIAGE_ONLY_NOT_CERTIFIED
git-collaboration-interface-contract,git-collaboration,interface-contract,medium,PROPOSED_RECONCILE,PARTIALLY_SATISFIED,aide-worktree-isolation,"Related domain skill text exists, but it lacks the supplied formal contract and coordinate-level routing/certification evidence.",TRIAGE_ONLY_NOT_CERTIFIED
git-collaboration-data-contract,git-collaboration,data-contract,medium,PROPOSED_RECONCILE,PARTIALLY_SATISFIED,aide-worktree-isolation,"Related domain skill text exists, but it lacks the supplied formal contract and coordinate-level routing/certification evidence.",TRIAGE_ONLY_NOT_CERTIFIED
git-collaboration-implementation-plan,git-collaboration,implementation-plan,medium,PROPOSED_RECONCILE,WORKFLOW_COMPOSITION,aide-arch-git;aide-worktree-isolation;aide-release-engineering;aide-pre-push-gate;aide-agent-workflow-sop;aide-autonomous-workflow;aide-master-roadmap,"Compose this multi-step activity in a curated workflow/pack. Existing workbench flows are adjacent composition examples, not proof this target-domain workflow exists.",TRIAGE_ONLY_NOT_CERTIFIED
git-collaboration-prototype,git-collaboration,prototype,medium,PROPOSED_RECONCILE,WORKFLOW_COMPOSITION,aide-arch-git;aide-worktree-isolation;aide-release-engineering;aide-pre-push-gate;aide-agent-workflow-sop;aide-autonomous-workflow;aide-master-roadmap,"Compose this multi-step activity in a curated workflow/pack. Existing workbench flows are adjacent composition examples, not proof this target-domain workflow exists.",TRIAGE_ONLY_NOT_CERTIFIED
git-collaboration-implementation,git-collaboration,implementation,medium,PROPOSED_RECONCILE,WORKFLOW_COMPOSITION,aide-arch-git;aide-worktree-isolation;aide-release-engineering;aide-pre-push-gate;aide-agent-workflow-sop;aide-autonomous-workflow;aide-master-roadmap,"Compose this multi-step activity in a curated workflow/pack. Existing workbench flows are adjacent composition examples, not proof this target-domain workflow exists.",TRIAGE_ONLY_NOT_CERTIFIED
git-collaboration-integration,git-collaboration,integration,medium,PROPOSED_RECONCILE,WORKFLOW_COMPOSITION,aide-arch-git;aide-worktree-isolation;aide-release-engineering;aide-pre-push-gate;aide-agent-workflow-sop;aide-autonomous-workflow;aide-master-roadmap,"Compose this multi-step activity in a curated workflow/pack. Existing workbench flows are adjacent composition examples, not proof this target-domain workflow exists.",TRIAGE_ONLY_NOT_CERTIFIED
git-collaboration-configuration,git-collaboration,configuration,medium,PROPOSED_RECONCILE,WORKFLOW_COMPOSITION,aide-arch-git;aide-worktree-isolation;aide-release-engineering;aide-pre-push-gate;aide-agent-workflow-sop;aide-autonomous-workflow;aide-master-roadmap,"Compose this multi-step activity in a curated workflow/pack. Existing workbench flows are adjacent composition examples, not proof this target-domain workflow exists.",TRIAGE_ONLY_NOT_CERTIFIED
git-collaboration-migration,git-collaboration,migration,medium,PROPOSED_RECONCILE,WORKFLOW_COMPOSITION,aide-arch-git;aide-worktree-isolation;aide-release-engineering;aide-pre-push-gate;aide-agent-workflow-sop;aide-autonomous-workflow;aide-master-roadmap,"Compose this multi-step activity in a curated workflow/pack. Existing workbench flows are adjacent composition examples, not proof this target-domain workflow exists.",TRIAGE_ONLY_NOT_CERTIFIED
git-collaboration-compatibility,git-collaboration,compatibility,medium,PROPOSED_RECONCILE,MISSING_HIGH_VALUE,aide-arch-git;aide-worktree-isolation;aide-release-engineering;aide-pre-push-gate,No operation-specific match was found in the curated domain skill family; prioritize because the catalog marks it high risk or the domain is on the current software-product/release path.,TRIAGE_ONLY_NOT_CERTIFIED
git-collaboration-error-handling,git-collaboration,error-handling,medium,PROPOSED_RECONCILE,PARTIALLY_SATISFIED,aide-arch-git;aide-release-engineering;aide-pre-push-gate,"Related domain skill text exists, but it lacks the supplied formal contract and coordinate-level routing/certification evidence.",TRIAGE_ONLY_NOT_CERTIFIED
git-collaboration-edge-cases,git-collaboration,edge-cases,medium,PROPOSED_RECONCILE,MISSING_HIGH_VALUE,aide-arch-git;aide-worktree-isolation;aide-release-engineering;aide-pre-push-gate,No operation-specific match was found in the curated domain skill family; prioritize because the catalog marks it high risk or the domain is on the current software-product/release path.,TRIAGE_ONLY_NOT_CERTIFIED
git-collaboration-security-review,git-collaboration,security-review,high,PROPOSED_RECONCILE,SOP_GOVERNED,aide-security-hardening;aide-supply-chain-audit;developer-way,Govern this cross-cutting procedure once through the named SOP family; add domain-specific checks only where evidence requires them.,TRIAGE_ONLY_NOT_CERTIFIED
git-collaboration-privacy-review,git-collaboration,privacy-review,medium,PROPOSED_RECONCILE,SOP_GOVERNED,covert-context-control;aide-offline-agent-loop;aide-secrets-handling-protocol;developer-way,Govern this cross-cutting procedure once through the named SOP family; add domain-specific checks only where evidence requires them.,TRIAGE_ONLY_NOT_CERTIFIED
git-collaboration-accessibility-review,git-collaboration,accessibility-review,medium,PROPOSED_RECONCILE,PARTIALLY_SATISFIED,aide-release-engineering,"Related domain skill text exists, but it lacks the supplied formal contract and coordinate-level routing/certification evidence.",TRIAGE_ONLY_NOT_CERTIFIED
git-collaboration-performance-budget,git-collaboration,performance-budget,medium,PROPOSED_RECONCILE,MISSING_HIGH_VALUE,aide-arch-git;aide-worktree-isolation;aide-release-engineering;aide-pre-push-gate,No operation-specific match was found in the curated domain skill family; prioritize because the catalog marks it high risk or the domain is on the current software-product/release path.,TRIAGE_ONLY_NOT_CERTIFIED
git-collaboration-performance-profile,git-collaboration,performance-profile,medium,PROPOSED_RECONCILE,PARTIALLY_SATISFIED,aide-release-engineering,"Related domain skill text exists, but it lacks the supplied formal contract and coordinate-level routing/certification evidence.",TRIAGE_ONLY_NOT_CERTIFIED
git-collaboration-unit-verification,git-collaboration,unit-verification,medium,PROPOSED_RECONCILE,NOT_APPROPRIATE_AS_SKILL,aide-task-verification-battery;aide-veritas-layer;aide-pre-push-gate,This is a deterministic verification/evidence outcome; expose the gate in a workflow and record its result instead of relying on prompt instructions.,TRIAGE_ONLY_NOT_CERTIFIED
git-collaboration-integration-verification,git-collaboration,integration-verification,medium,PROPOSED_RECONCILE,NOT_APPROPRIATE_AS_SKILL,aide-task-verification-battery;aide-veritas-layer;aide-pre-push-gate,This is a deterministic verification/evidence outcome; expose the gate in a workflow and record its result instead of relying on prompt instructions.,TRIAGE_ONLY_NOT_CERTIFIED
git-collaboration-e2e-verification,git-collaboration,e2e-verification,medium,PROPOSED_RECONCILE,NOT_APPROPRIATE_AS_SKILL,aide-task-verification-battery;aide-veritas-layer;aide-pre-push-gate,This is a deterministic verification/evidence outcome; expose the gate in a workflow and record its result instead of relying on prompt instructions.,TRIAGE_ONLY_NOT_CERTIFIED
git-collaboration-negative-testing,git-collaboration,negative-testing,medium,PROPOSED_RECONCILE,MISSING_HIGH_VALUE,aide-arch-git;aide-worktree-isolation;aide-release-engineering;aide-pre-push-gate,No operation-specific match was found in the curated domain skill family; prioritize because the catalog marks it high risk or the domain is on the current software-product/release path.,TRIAGE_ONLY_NOT_CERTIFIED
git-collaboration-fault-injection,git-collaboration,fault-injection,medium,PROPOSED_RECONCILE,MISSING_HIGH_VALUE,aide-arch-git;aide-worktree-isolation;aide-release-engineering;aide-pre-push-gate,No operation-specific match was found in the curated domain skill family; prioritize because the catalog marks it high risk or the domain is on the current software-product/release path.,TRIAGE_ONLY_NOT_CERTIFIED
git-collaboration-cross-platform-check,git-collaboration,cross-platform-check,medium,PROPOSED_RECONCILE,WORKFLOW_COMPOSITION,aide-arch-git;aide-worktree-isolation;aide-release-engineering;aide-pre-push-gate;aide-agent-workflow-sop;aide-autonomous-workflow;aide-master-roadmap,"Compose this multi-step activity in a curated workflow/pack. Existing workbench flows are adjacent composition examples, not proof this target-domain workflow exists.",TRIAGE_ONLY_NOT_CERTIFIED
git-collaboration-offline-check,git-collaboration,offline-check,medium,PROPOSED_RECONCILE,WORKFLOW_COMPOSITION,aide-arch-git;aide-worktree-isolation;aide-release-engineering;aide-pre-push-gate;aide-agent-workflow-sop;aide-autonomous-workflow;aide-master-roadmap,"Compose this multi-step activity in a curated workflow/pack. Existing workbench flows are adjacent composition examples, not proof this target-domain workflow exists.",TRIAGE_ONLY_NOT_CERTIFIED
git-collaboration-restart-recovery,git-collaboration,restart-recovery,medium,PROPOSED_RECONCILE,WORKFLOW_COMPOSITION,aide-arch-git;aide-worktree-isolation;aide-release-engineering;aide-pre-push-gate;aide-agent-workflow-sop;aide-autonomous-workflow;aide-master-roadmap,"Compose this multi-step activity in a curated workflow/pack. Existing workbench flows are adjacent composition examples, not proof this target-domain workflow exists.",TRIAGE_ONLY_NOT_CERTIFIED
git-collaboration-observability,git-collaboration,observability,medium,PROPOSED_RECONCILE,PARTIALLY_SATISFIED,aide-release-engineering,"Related domain skill text exists, but it lacks the supplied formal contract and coordinate-level routing/certification evidence.",TRIAGE_ONLY_NOT_CERTIFIED
git-collaboration-logging-diagnostics,git-collaboration,logging-diagnostics,medium,PROPOSED_RECONCILE,MISSING_HIGH_VALUE,aide-arch-git;aide-worktree-isolation;aide-release-engineering;aide-pre-push-gate,No operation-specific match was found in the curated domain skill family; prioritize because the catalog marks it high risk or the domain is on the current software-product/release path.,TRIAGE_ONLY_NOT_CERTIFIED
git-collaboration-documentation,git-collaboration,documentation,medium,PROPOSED_RECONCILE,PARTIALLY_SATISFIED,aide-arch-git;aide-release-engineering,"Related domain skill text exists, but it lacks the supplied formal contract and coordinate-level routing/certification evidence.",TRIAGE_ONLY_NOT_CERTIFIED
git-collaboration-operator-runbook,git-collaboration,operator-runbook,medium,PROPOSED_RECONCILE,SOP_GOVERNED,agent-notes;aide-aide-stack-launch-and-recover;developer-way,Govern this cross-cutting procedure once through the named SOP family; add domain-specific checks only where evidence requires them.,TRIAGE_ONLY_NOT_CERTIFIED
git-collaboration-code-review,git-collaboration,code-review,medium,PROPOSED_RECONCILE,SOP_GOVERNED,aide-release-engineering;aide-arch-test-fixes;aide-pre-push-gate;developer-way,Govern this cross-cutting procedure once through the named SOP family; add domain-specific checks only where evidence requires them.,TRIAGE_ONLY_NOT_CERTIFIED
git-collaboration-regression-analysis,git-collaboration,regression-analysis,medium,PROPOSED_RECONCILE,SOP_GOVERNED,aide-arch-test-fixes;aide-task-verification-battery;developer-way,Govern this cross-cutting procedure once through the named SOP family; add domain-specific checks only where evidence requires them.,TRIAGE_ONLY_NOT_CERTIFIED
git-collaboration-root-cause-repair,git-collaboration,root-cause-repair,medium,PROPOSED_RECONCILE,SOP_GOVERNED,aide-debugging-discipline;aide-unified-diff-repair;ask-dont-circle;developer-way,Govern this cross-cutting procedure once through the named SOP family; add domain-specific checks only where evidence requires them.,TRIAGE_ONLY_NOT_CERTIFIED
git-collaboration-dependency-audit,git-collaboration,dependency-audit,medium,PROPOSED_RECONCILE,SOP_GOVERNED,aide-supply-chain-audit;aide-arch-packaging-release;aide-ci-diagnostics,Govern this cross-cutting procedure once through the named SOP family; add domain-specific checks only where evidence requires them.,TRIAGE_ONLY_NOT_CERTIFIED
git-collaboration-release-readiness,git-collaboration,release-readiness,high,PROPOSED_RECONCILE,WORKFLOW_COMPOSITION,aide-arch-git;aide-worktree-isolation;aide-release-engineering;aide-pre-push-gate;aide-agent-workflow-sop;aide-autonomous-workflow;aide-master-roadmap,"Compose this multi-step activity in a curated workflow/pack. Existing workbench flows are adjacent composition examples, not proof this target-domain workflow exists.",TRIAGE_ONLY_NOT_CERTIFIED
git-collaboration-evidence-capture,git-collaboration,evidence-capture,medium,PROPOSED_RECONCILE,NOT_APPROPRIATE_AS_SKILL,aide-task-verification-battery;aide-veritas-layer;aide-pre-push-gate,This is a deterministic verification/evidence outcome; expose the gate in a workflow and record its result instead of relying on prompt instructions.,TRIAGE_ONLY_NOT_CERTIFIED
git-collaboration-post-acceptance-monitoring,git-collaboration,post-acceptance-monitoring,medium,PROPOSED_RECONCILE,WORKFLOW_COMPOSITION,aide-arch-git;aide-worktree-isolation;aide-release-engineering;aide-pre-push-gate;aide-agent-workflow-sop;aide-autonomous-workflow;aide-master-roadmap,"Compose this multi-step activity in a curated workflow/pack. Existing workbench flows are adjacent composition examples, not proof this target-domain workflow exists.",TRIAGE_ONLY_NOT_CERTIFIED
git-collaboration-maintenance-upgrade,git-collaboration,maintenance-upgrade,medium,PROPOSED_RECONCILE,WORKFLOW_COMPOSITION,aide-arch-git;aide-worktree-isolation;aide-release-engineering;aide-pre-push-gate;aide-agent-workflow-sop;aide-autonomous-workflow;aide-master-roadmap,"Compose this multi-step activity in a curated workflow/pack. Existing workbench flows are adjacent composition examples, not proof this target-domain workflow exists.",TRIAGE_ONLY_NOT_CERTIFIED
architecture-requirements-discovery,architecture,requirements-discovery,medium,PROPOSED_RECONCILE,WORKFLOW_COMPOSITION,aide-arch-foundations;aide-arch-backend-core;aide-arch-frontend-core;aide-arch-model-runtime;aide-arch-wiring;aide-master-roadmap;aide-context-retrieval-wiring;aide-agent-workflow-sop,"Compose this multi-step activity in a curated workflow/pack. Existing workbench flows are adjacent composition examples, not proof this target-domain workflow exists.",TRIAGE_ONLY_NOT_CERTIFIED
architecture-environment-inspection,architecture,environment-inspection,medium,PROPOSED_RECONCILE,WORKFLOW_COMPOSITION,aide-arch-foundations;aide-arch-backend-core;aide-arch-frontend-core;aide-arch-model-runtime;aide-arch-wiring;aide-master-roadmap;aide-context-retrieval-wiring;aide-agent-workflow-sop,"Compose this multi-step activity in a curated workflow/pack. Existing workbench flows are adjacent composition examples, not proof this target-domain workflow exists.",TRIAGE_ONLY_NOT_CERTIFIED
architecture-reference-research,architecture,reference-research,medium,PROPOSED_RECONCILE,WORKFLOW_COMPOSITION,aide-arch-foundations;aide-arch-backend-core;aide-arch-frontend-core;aide-arch-model-runtime;aide-arch-wiring;aide-master-roadmap;aide-context-retrieval-wiring;aide-agent-workflow-sop,"Compose this multi-step activity in a curated workflow/pack. Existing workbench flows are adjacent composition examples, not proof this target-domain workflow exists.",TRIAGE_ONLY_NOT_CERTIFIED
architecture-architecture-plan,architecture,architecture-plan,medium,PROPOSED_RECONCILE,WORKFLOW_COMPOSITION,aide-arch-foundations;aide-arch-backend-core;aide-arch-frontend-core;aide-arch-model-runtime;aide-arch-wiring;aide-master-roadmap;aide-context-retrieval-wiring;aide-agent-workflow-sop,"Compose this multi-step activity in a curated workflow/pack. Existing workbench flows are adjacent composition examples, not proof this target-domain workflow exists.",TRIAGE_ONLY_NOT_CERTIFIED
architecture-interface-contract,architecture,interface-contract,medium,PROPOSED_RECONCILE,PARTIALLY_SATISFIED,aide-arch-foundations;aide-arch-wiring;aide-master-roadmap;aide-context-retrieval-wiring,"Related domain skill text exists, but it lacks the supplied formal contract and coordinate-level routing/certification evidence.",TRIAGE_ONLY_NOT_CERTIFIED
architecture-data-contract,architecture,data-contract,medium,PROPOSED_RECONCILE,PARTIALLY_SATISFIED,aide-arch-foundations;aide-arch-frontend-core;aide-arch-wiring,"Related domain skill text exists, but it lacks the supplied formal contract and coordinate-level routing/certification evidence.",TRIAGE_ONLY_NOT_CERTIFIED
architecture-implementation-plan,architecture,implementation-plan,medium,PROPOSED_RECONCILE,WORKFLOW_COMPOSITION,aide-arch-foundations;aide-arch-backend-core;aide-arch-frontend-core;aide-arch-model-runtime;aide-arch-wiring;aide-master-roadmap;aide-context-retrieval-wiring;aide-agent-workflow-sop,"Compose this multi-step activity in a curated workflow/pack. Existing workbench flows are adjacent composition examples, not proof this target-domain workflow exists.",TRIAGE_ONLY_NOT_CERTIFIED
architecture-prototype,architecture,prototype,medium,PROPOSED_RECONCILE,WORKFLOW_COMPOSITION,aide-arch-foundations;aide-arch-backend-core;aide-arch-frontend-core;aide-arch-model-runtime;aide-arch-wiring;aide-master-roadmap;aide-context-retrieval-wiring;aide-agent-workflow-sop,"Compose this multi-step activity in a curated workflow/pack. Existing workbench flows are adjacent composition examples, not proof this target-domain workflow exists.",TRIAGE_ONLY_NOT_CERTIFIED
architecture-implementation,architecture,implementation,medium,PROPOSED_RECONCILE,WORKFLOW_COMPOSITION,aide-arch-foundations;aide-arch-backend-core;aide-arch-frontend-core;aide-arch-model-runtime;aide-arch-wiring;aide-master-roadmap;aide-context-retrieval-wiring;aide-agent-workflow-sop,"Compose this multi-step activity in a curated workflow/pack. Existing workbench flows are adjacent composition examples, not proof this target-domain workflow exists.",TRIAGE_ONLY_NOT_CERTIFIED
architecture-integration,architecture,integration,medium,PROPOSED_RECONCILE,WORKFLOW_COMPOSITION,aide-arch-foundations;aide-arch-backend-core;aide-arch-frontend-core;aide-arch-model-runtime;aide-arch-wiring;aide-master-roadmap;aide-context-retrieval-wiring;aide-agent-workflow-sop,"Compose this multi-step activity in a curated workflow/pack. Existing workbench flows are adjacent composition examples, not proof this target-domain workflow exists.",TRIAGE_ONLY_NOT_CERTIFIED
architecture-configuration,architecture,configuration,medium,PROPOSED_RECONCILE,WORKFLOW_COMPOSITION,aide-arch-foundations;aide-arch-backend-core;aide-arch-frontend-core;aide-arch-model-runtime;aide-arch-wiring;aide-master-roadmap;aide-context-retrieval-wiring;aide-agent-workflow-sop,"Compose this multi-step activity in a curated workflow/pack. Existing workbench flows are adjacent composition examples, not proof this target-domain workflow exists.",TRIAGE_ONLY_NOT_CERTIFIED
architecture-migration,architecture,migration,medium,PROPOSED_RECONCILE,WORKFLOW_COMPOSITION,aide-arch-foundations;aide-arch-backend-core;aide-arch-frontend-core;aide-arch-model-runtime;aide-arch-wiring;aide-master-roadmap;aide-context-retrieval-wiring;aide-agent-workflow-sop,"Compose this multi-step activity in a curated workflow/pack. Existing workbench flows are adjacent composition examples, not proof this target-domain workflow exists.",TRIAGE_ONLY_NOT_CERTIFIED
architecture-compatibility,architecture,compatibility,medium,PROPOSED_RECONCILE,PARTIALLY_SATISFIED,aide-master-roadmap;aide-context-retrieval-wiring,"Related domain skill text exists, but it lacks the supplied formal contract and coordinate-level routing/certification evidence.",TRIAGE_ONLY_NOT_CERTIFIED
architecture-error-handling,architecture,error-handling,medium,PROPOSED_RECONCILE,PARTIALLY_SATISFIED,aide-arch-backend-core;aide-arch-model-runtime;aide-arch-wiring,"Related domain skill text exists, but it lacks the supplied formal contract and coordinate-level routing/certification evidence.",TRIAGE_ONLY_NOT_CERTIFIED
architecture-edge-cases,architecture,edge-cases,medium,PROPOSED_RECONCILE,MISSING_HIGH_VALUE,aide-arch-foundations;aide-arch-backend-core;aide-arch-frontend-core;aide-arch-model-runtime;aide-arch-wiring,No operation-specific match was found in the curated domain skill family; prioritize because the catalog marks it high risk or the domain is on the current software-product/release path.,TRIAGE_ONLY_NOT_CERTIFIED
architecture-security-review,architecture,security-review,high,PROPOSED_RECONCILE,SOP_GOVERNED,aide-security-hardening;aide-supply-chain-audit;developer-way,Govern this cross-cutting procedure once through the named SOP family; add domain-specific checks only where evidence requires them.,TRIAGE_ONLY_NOT_CERTIFIED
architecture-privacy-review,architecture,privacy-review,medium,PROPOSED_RECONCILE,SOP_GOVERNED,covert-context-control;aide-offline-agent-loop;aide-secrets-handling-protocol;developer-way,Govern this cross-cutting procedure once through the named SOP family; add domain-specific checks only where evidence requires them.,TRIAGE_ONLY_NOT_CERTIFIED
architecture-accessibility-review,architecture,accessibility-review,medium,PROPOSED_RECONCILE,PARTIALLY_SATISFIED,aide-master-roadmap,"Related domain skill text exists, but it lacks the supplied formal contract and coordinate-level routing/certification evidence.",TRIAGE_ONLY_NOT_CERTIFIED
architecture-performance-budget,architecture,performance-budget,medium,PROPOSED_RECONCILE,PARTIALLY_SATISFIED,aide-master-roadmap,"Related domain skill text exists, but it lacks the supplied formal contract and coordinate-level routing/certification evidence.",TRIAGE_ONLY_NOT_CERTIFIED
architecture-performance-profile,architecture,performance-profile,medium,PROPOSED_RECONCILE,PARTIALLY_SATISFIED,aide-master-roadmap,"Related domain skill text exists, but it lacks the supplied formal contract and coordinate-level routing/certification evidence.",TRIAGE_ONLY_NOT_CERTIFIED
architecture-unit-verification,architecture,unit-verification,medium,PROPOSED_RECONCILE,NOT_APPROPRIATE_AS_SKILL,aide-task-verification-battery;aide-veritas-layer;aide-pre-push-gate,This is a deterministic verification/evidence outcome; expose the gate in a workflow and record its result instead of relying on prompt instructions.,TRIAGE_ONLY_NOT_CERTIFIED
architecture-integration-verification,architecture,integration-verification,medium,PROPOSED_RECONCILE,NOT_APPROPRIATE_AS_SKILL,aide-task-verification-battery;aide-veritas-layer;aide-pre-push-gate,This is a deterministic verification/evidence outcome; expose the gate in a workflow and record its result instead of relying on prompt instructions.,TRIAGE_ONLY_NOT_CERTIFIED
architecture-e2e-verification,architecture,e2e-verification,medium,PROPOSED_RECONCILE,NOT_APPROPRIATE_AS_SKILL,aide-task-verification-battery;aide-veritas-layer;aide-pre-push-gate,This is a deterministic verification/evidence outcome; expose the gate in a workflow and record its result instead of relying on prompt instructions.,TRIAGE_ONLY_NOT_CERTIFIED
architecture-negative-testing,architecture,negative-testing,medium,PROPOSED_RECONCILE,PARTIALLY_SATISFIED,aide-arch-foundations;aide-arch-backend-core;aide-arch-model-runtime;aide-arch-wiring,"Related domain skill text exists, but it lacks the supplied formal contract and coordinate-level routing/certification evidence.",TRIAGE_ONLY_NOT_CERTIFIED
architecture-fault-injection,architecture,fault-injection,medium,PROPOSED_RECONCILE,MISSING_HIGH_VALUE,aide-arch-foundations;aide-arch-backend-core;aide-arch-frontend-core;aide-arch-model-runtime;aide-arch-wiring,No operation-specific match was found in the curated domain skill family; prioritize because the catalog marks it high risk or the domain is on the current software-product/release path.,TRIAGE_ONLY_NOT_CERTIFIED
architecture-cross-platform-check,architecture,cross-platform-check,medium,PROPOSED_RECONCILE,WORKFLOW_COMPOSITION,aide-arch-foundations;aide-arch-backend-core;aide-arch-frontend-core;aide-arch-model-runtime;aide-arch-wiring;aide-master-roadmap;aide-context-retrieval-wiring;aide-agent-workflow-sop,"Compose this multi-step activity in a curated workflow/pack. Existing workbench flows are adjacent composition examples, not proof this target-domain workflow exists.",TRIAGE_ONLY_NOT_CERTIFIED
architecture-offline-check,architecture,offline-check,medium,PROPOSED_RECONCILE,WORKFLOW_COMPOSITION,aide-arch-foundations;aide-arch-backend-core;aide-arch-frontend-core;aide-arch-model-runtime;aide-arch-wiring;aide-master-roadmap;aide-context-retrieval-wiring;aide-agent-workflow-sop,"Compose this multi-step activity in a curated workflow/pack. Existing workbench flows are adjacent composition examples, not proof this target-domain workflow exists.",TRIAGE_ONLY_NOT_CERTIFIED
architecture-restart-recovery,architecture,restart-recovery,medium,PROPOSED_RECONCILE,WORKFLOW_COMPOSITION,aide-arch-foundations;aide-arch-backend-core;aide-arch-frontend-core;aide-arch-model-runtime;aide-arch-wiring;aide-master-roadmap;aide-context-retrieval-wiring;aide-agent-workflow-sop,"Compose this multi-step activity in a curated workflow/pack. Existing workbench flows are adjacent composition examples, not proof this target-domain workflow exists.",TRIAGE_ONLY_NOT_CERTIFIED
architecture-observability,architecture,observability,medium,PROPOSED_RECONCILE,PARTIALLY_SATISFIED,aide-arch-foundations;aide-master-roadmap,"Related domain skill text exists, but it lacks the supplied formal contract and coordinate-level routing/certification evidence.",TRIAGE_ONLY_NOT_CERTIFIED
architecture-logging-diagnostics,architecture,logging-diagnostics,medium,PROPOSED_RECONCILE,PARTIALLY_SATISFIED,aide-arch-foundations;aide-arch-backend-core;aide-arch-wiring;aide-master-roadmap,"Related domain skill text exists, but it lacks the supplied formal contract and coordinate-level routing/certification evidence.",TRIAGE_ONLY_NOT_CERTIFIED
architecture-documentation,architecture,documentation,medium,PROPOSED_RECONCILE,PARTIALLY_SATISFIED,aide-arch-model-runtime;aide-arch-wiring;aide-master-roadmap,"Related domain skill text exists, but it lacks the supplied formal contract and coordinate-level routing/certification evidence.",TRIAGE_ONLY_NOT_CERTIFIED
architecture-operator-runbook,architecture,operator-runbook,medium,PROPOSED_RECONCILE,SOP_GOVERNED,agent-notes;aide-aide-stack-launch-and-recover;developer-way,Govern this cross-cutting procedure once through the named SOP family; add domain-specific checks only where evidence requires them.,TRIAGE_ONLY_NOT_CERTIFIED
architecture-code-review,architecture,code-review,medium,PROPOSED_RECONCILE,SOP_GOVERNED,aide-release-engineering;aide-arch-test-fixes;aide-pre-push-gate;developer-way,Govern this cross-cutting procedure once through the named SOP family; add domain-specific checks only where evidence requires them.,TRIAGE_ONLY_NOT_CERTIFIED
architecture-regression-analysis,architecture,regression-analysis,medium,PROPOSED_RECONCILE,SOP_GOVERNED,aide-arch-test-fixes;aide-task-verification-battery;developer-way,Govern this cross-cutting procedure once through the named SOP family; add domain-specific checks only where evidence requires them.,TRIAGE_ONLY_NOT_CERTIFIED
architecture-root-cause-repair,architecture,root-cause-repair,medium,PROPOSED_RECONCILE,SOP_GOVERNED,aide-debugging-discipline;aide-unified-diff-repair;ask-dont-circle;developer-way,Govern this cross-cutting procedure once through the named SOP family; add domain-specific checks only where evidence requires them.,TRIAGE_ONLY_NOT_CERTIFIED
architecture-dependency-audit,architecture,dependency-audit,medium,PROPOSED_RECONCILE,SOP_GOVERNED,aide-supply-chain-audit;aide-arch-packaging-release;aide-ci-diagnostics,Govern this cross-cutting procedure once through the named SOP family; add domain-specific checks only where evidence requires them.,TRIAGE_ONLY_NOT_CERTIFIED
architecture-release-readiness,architecture,release-readiness,high,PROPOSED_RECONCILE,WORKFLOW_COMPOSITION,aide-arch-foundations;aide-arch-backend-core;aide-arch-frontend-core;aide-arch-model-runtime;aide-arch-wiring;aide-master-roadmap;aide-context-retrieval-wiring;aide-agent-workflow-sop,"Compose this multi-step activity in a curated workflow/pack. Existing workbench flows are adjacent composition examples, not proof this target-domain workflow exists.",TRIAGE_ONLY_NOT_CERTIFIED
architecture-evidence-capture,architecture,evidence-capture,medium,PROPOSED_RECONCILE,NOT_APPROPRIATE_AS_SKILL,aide-task-verification-battery;aide-veritas-layer;aide-pre-push-gate,This is a deterministic verification/evidence outcome; expose the gate in a workflow and record its result instead of relying on prompt instructions.,TRIAGE_ONLY_NOT_CERTIFIED
architecture-post-acceptance-monitoring,architecture,post-acceptance-monitoring,medium,PROPOSED_RECONCILE,WORKFLOW_COMPOSITION,aide-arch-foundations;aide-arch-backend-core;aide-arch-frontend-core;aide-arch-model-runtime;aide-arch-wiring;aide-master-roadmap;aide-context-retrieval-wiring;aide-agent-workflow-sop,"Compose this multi-step activity in a curated workflow/pack. Existing workbench flows are adjacent composition examples, not proof this target-domain workflow exists.",TRIAGE_ONLY_NOT_CERTIFIED
architecture-maintenance-upgrade,architecture,maintenance-upgrade,medium,PROPOSED_RECONCILE,WORKFLOW_COMPOSITION,aide-arch-foundations;aide-arch-backend-core;aide-arch-frontend-core;aide-arch-model-runtime;aide-arch-wiring;aide-master-roadmap;aide-context-retrieval-wiring;aide-agent-workflow-sop,"Compose this multi-step activity in a curated workflow/pack. Existing workbench flows are adjacent composition examples, not proof this target-domain workflow exists.",TRIAGE_ONLY_NOT_CERTIFIED
performance-requirements-discovery,performance,requirements-discovery,medium,PROPOSED_RECONCILE,WORKFLOW_COMPOSITION,aide-perf-launch-engineering;failure-battery-memory-pressure-504;one-heavy-job;aide-agent-workflow-sop;aide-autonomous-workflow;aide-master-roadmap,"Compose this multi-step activity in a curated workflow/pack. Existing workbench flows are adjacent composition examples, not proof this target-domain workflow exists.",TRIAGE_ONLY_NOT_CERTIFIED
performance-environment-inspection,performance,environment-inspection,medium,PROPOSED_RECONCILE,WORKFLOW_COMPOSITION,aide-perf-launch-engineering;failure-battery-memory-pressure-504;one-heavy-job;aide-agent-workflow-sop;aide-autonomous-workflow;aide-master-roadmap,"Compose this multi-step activity in a curated workflow/pack. Existing workbench flows are adjacent composition examples, not proof this target-domain workflow exists.",TRIAGE_ONLY_NOT_CERTIFIED
performance-reference-research,performance,reference-research,medium,PROPOSED_RECONCILE,WORKFLOW_COMPOSITION,aide-perf-launch-engineering;failure-battery-memory-pressure-504;one-heavy-job;aide-agent-workflow-sop;aide-autonomous-workflow;aide-master-roadmap,"Compose this multi-step activity in a curated workflow/pack. Existing workbench flows are adjacent composition examples, not proof this target-domain workflow exists.",TRIAGE_ONLY_NOT_CERTIFIED
performance-architecture-plan,performance,architecture-plan,medium,PROPOSED_RECONCILE,WORKFLOW_COMPOSITION,aide-perf-launch-engineering;failure-battery-memory-pressure-504;one-heavy-job;aide-agent-workflow-sop;aide-autonomous-workflow;aide-master-roadmap,"Compose this multi-step activity in a curated workflow/pack. Existing workbench flows are adjacent composition examples, not proof this target-domain workflow exists.",TRIAGE_ONLY_NOT_CERTIFIED
performance-interface-contract,performance,interface-contract,medium,PROPOSED_RECONCILE,MISSING_HIGH_VALUE,aide-perf-launch-engineering;failure-battery-memory-pressure-504;one-heavy-job,No operation-specific match was found in the curated domain skill family; prioritize because the catalog marks it high risk or the domain is on the current software-product/release path.,TRIAGE_ONLY_NOT_CERTIFIED
performance-data-contract,performance,data-contract,medium,PROPOSED_RECONCILE,MISSING_HIGH_VALUE,aide-perf-launch-engineering;failure-battery-memory-pressure-504;one-heavy-job,No operation-specific match was found in the curated domain skill family; prioritize because the catalog marks it high risk or the domain is on the current software-product/release path.,TRIAGE_ONLY_NOT_CERTIFIED
performance-implementation-plan,performance,implementation-plan,medium,PROPOSED_RECONCILE,WORKFLOW_COMPOSITION,aide-perf-launch-engineering;failure-battery-memory-pressure-504;one-heavy-job;aide-agent-workflow-sop;aide-autonomous-workflow;aide-master-roadmap,"Compose this multi-step activity in a curated workflow/pack. Existing workbench flows are adjacent composition examples, not proof this target-domain workflow exists.",TRIAGE_ONLY_NOT_CERTIFIED
performance-prototype,performance,prototype,medium,PROPOSED_RECONCILE,WORKFLOW_COMPOSITION,aide-perf-launch-engineering;failure-battery-memory-pressure-504;one-heavy-job;aide-agent-workflow-sop;aide-autonomous-workflow;aide-master-roadmap,"Compose this multi-step activity in a curated workflow/pack. Existing workbench flows are adjacent composition examples, not proof this target-domain workflow exists.",TRIAGE_ONLY_NOT_CERTIFIED
performance-implementation,performance,implementation,medium,PROPOSED_RECONCILE,WORKFLOW_COMPOSITION,aide-perf-launch-engineering;failure-battery-memory-pressure-504;one-heavy-job;aide-agent-workflow-sop;aide-autonomous-workflow;aide-master-roadmap,"Compose this multi-step activity in a curated workflow/pack. Existing workbench flows are adjacent composition examples, not proof this target-domain workflow exists.",TRIAGE_ONLY_NOT_CERTIFIED
performance-integration,performance,integration,medium,PROPOSED_RECONCILE,WORKFLOW_COMPOSITION,aide-perf-launch-engineering;failure-battery-memory-pressure-504;one-heavy-job;aide-agent-workflow-sop;aide-autonomous-workflow;aide-master-roadmap,"Compose this multi-step activity in a curated workflow/pack. Existing workbench flows are adjacent composition examples, not proof this target-domain workflow exists.",TRIAGE_ONLY_NOT_CERTIFIED
performance-configuration,performance,configuration,medium,PROPOSED_RECONCILE,WORKFLOW_COMPOSITION,aide-perf-launch-engineering;failure-battery-memory-pressure-504;one-heavy-job;aide-agent-workflow-sop;aide-autonomous-workflow;aide-master-roadmap,"Compose this multi-step activity in a curated workflow/pack. Existing workbench flows are adjacent composition examples, not proof this target-domain workflow exists.",TRIAGE_ONLY_NOT_CERTIFIED
performance-migration,performance,migration,medium,PROPOSED_RECONCILE,WORKFLOW_COMPOSITION,aide-perf-launch-engineering;failure-battery-memory-pressure-504;one-heavy-job;aide-agent-workflow-sop;aide-autonomous-workflow;aide-master-roadmap,"Compose this multi-step activity in a curated workflow/pack. Existing workbench flows are adjacent composition examples, not proof this target-domain workflow exists.",TRIAGE_ONLY_NOT_CERTIFIED
performance-compatibility,performance,compatibility,medium,PROPOSED_RECONCILE,MISSING_HIGH_VALUE,aide-perf-launch-engineering;failure-battery-memory-pressure-504;one-heavy-job,No operation-specific match was found in the curated domain skill family; prioritize because the catalog marks it high risk or the domain is on the current software-product/release path.,TRIAGE_ONLY_NOT_CERTIFIED
performance-error-handling,performance,error-handling,medium,PROPOSED_RECONCILE,PARTIALLY_SATISFIED,failure-battery-memory-pressure-504;one-heavy-job,"Related domain skill text exists, but it lacks the supplied formal contract and coordinate-level routing/certification evidence.",TRIAGE_ONLY_NOT_CERTIFIED
performance-edge-cases,performance,edge-cases,medium,PROPOSED_RECONCILE,MISSING_HIGH_VALUE,aide-perf-launch-engineering;failure-battery-memory-pressure-504;one-heavy-job,No operation-specific match was found in the curated domain skill family; prioritize because the catalog marks it high risk or the domain is on the current software-product/release path.,TRIAGE_ONLY_NOT_CERTIFIED
performance-security-review,performance,security-review,high,PROPOSED_RECONCILE,SOP_GOVERNED,aide-security-hardening;aide-supply-chain-audit;developer-way,Govern this cross-cutting procedure once through the named SOP family; add domain-specific checks only where evidence requires them.,TRIAGE_ONLY_NOT_CERTIFIED
performance-privacy-review,performance,privacy-review,medium,PROPOSED_RECONCILE,SOP_GOVERNED,covert-context-control;aide-offline-agent-loop;aide-secrets-handling-protocol;developer-way,Govern this cross-cutting procedure once through the named SOP family; add domain-specific checks only where evidence requires them.,TRIAGE_ONLY_NOT_CERTIFIED
performance-accessibility-review,performance,accessibility-review,medium,PROPOSED_RECONCILE,MISSING_HIGH_VALUE,aide-perf-launch-engineering;failure-battery-memory-pressure-504;one-heavy-job,No operation-specific match was found in the curated domain skill family; prioritize because the catalog marks it high risk or the domain is on the current software-product/release path.,TRIAGE_ONLY_NOT_CERTIFIED
performance-performance-budget,performance,performance-budget,medium,PROPOSED_RECONCILE,MISSING_HIGH_VALUE,aide-perf-launch-engineering;failure-battery-memory-pressure-504;one-heavy-job,No operation-specific match was found in the curated domain skill family; prioritize because the catalog marks it high risk or the domain is on the current software-product/release path.,TRIAGE_ONLY_NOT_CERTIFIED
performance-performance-profile,performance,performance-profile,medium,PROPOSED_RECONCILE,MISSING_HIGH_VALUE,aide-perf-launch-engineering;failure-battery-memory-pressure-504;one-heavy-job,No operation-specific match was found in the curated domain skill family; prioritize because the catalog marks it high risk or the domain is on the current software-product/release path.,TRIAGE_ONLY_NOT_CERTIFIED
performance-unit-verification,performance,unit-verification,medium,PROPOSED_RECONCILE,NOT_APPROPRIATE_AS_SKILL,aide-task-verification-battery;aide-veritas-layer;aide-pre-push-gate,This is a deterministic verification/evidence outcome; expose the gate in a workflow and record its result instead of relying on prompt instructions.,TRIAGE_ONLY_NOT_CERTIFIED
performance-integration-verification,performance,integration-verification,medium,PROPOSED_RECONCILE,NOT_APPROPRIATE_AS_SKILL,aide-task-verification-battery;aide-veritas-layer;aide-pre-push-gate,This is a deterministic verification/evidence outcome; expose the gate in a workflow and record its result instead of relying on prompt instructions.,TRIAGE_ONLY_NOT_CERTIFIED
performance-e2e-verification,performance,e2e-verification,medium,PROPOSED_RECONCILE,NOT_APPROPRIATE_AS_SKILL,aide-task-verification-battery;aide-veritas-layer;aide-pre-push-gate,This is a deterministic verification/evidence outcome; expose the gate in a workflow and record its result instead of relying on prompt instructions.,TRIAGE_ONLY_NOT_CERTIFIED
performance-negative-testing,performance,negative-testing,medium,PROPOSED_RECONCILE,MISSING_HIGH_VALUE,aide-perf-launch-engineering;failure-battery-memory-pressure-504;one-heavy-job,No operation-specific match was found in the curated domain skill family; prioritize because the catalog marks it high risk or the domain is on the current software-product/release path.,TRIAGE_ONLY_NOT_CERTIFIED
performance-fault-injection,performance,fault-injection,medium,PROPOSED_RECONCILE,MISSING_HIGH_VALUE,aide-perf-launch-engineering;failure-battery-memory-pressure-504;one-heavy-job,No operation-specific match was found in the curated domain skill family; prioritize because the catalog marks it high risk or the domain is on the current software-product/release path.,TRIAGE_ONLY_NOT_CERTIFIED
performance-cross-platform-check,performance,cross-platform-check,medium,PROPOSED_RECONCILE,WORKFLOW_COMPOSITION,aide-perf-launch-engineering;failure-battery-memory-pressure-504;one-heavy-job;aide-agent-workflow-sop;aide-autonomous-workflow;aide-master-roadmap,"Compose this multi-step activity in a curated workflow/pack. Existing workbench flows are adjacent composition examples, not proof this target-domain workflow exists.",TRIAGE_ONLY_NOT_CERTIFIED
performance-offline-check,performance,offline-check,medium,PROPOSED_RECONCILE,WORKFLOW_COMPOSITION,aide-perf-launch-engineering;failure-battery-memory-pressure-504;one-heavy-job;aide-agent-workflow-sop;aide-autonomous-workflow;aide-master-roadmap,"Compose this multi-step activity in a curated workflow/pack. Existing workbench flows are adjacent composition examples, not proof this target-domain workflow exists.",TRIAGE_ONLY_NOT_CERTIFIED
performance-restart-recovery,performance,restart-recovery,medium,PROPOSED_RECONCILE,WORKFLOW_COMPOSITION,aide-perf-launch-engineering;failure-battery-memory-pressure-504;one-heavy-job;aide-agent-workflow-sop;aide-autonomous-workflow;aide-master-roadmap,"Compose this multi-step activity in a curated workflow/pack. Existing workbench flows are adjacent composition examples, not proof this target-domain workflow exists.",TRIAGE_ONLY_NOT_CERTIFIED
performance-observability,performance,observability,medium,PROPOSED_RECONCILE,PARTIALLY_SATISFIED,aide-perf-launch-engineering,"Related domain skill text exists, but it lacks the supplied formal contract and coordinate-level routing/certification evidence.",TRIAGE_ONLY_NOT_CERTIFIED
performance-logging-diagnostics,performance,logging-diagnostics,medium,PROPOSED_RECONCILE,MISSING_HIGH_VALUE,aide-perf-launch-engineering;failure-battery-memory-pressure-504;one-heavy-job,No operation-specific match was found in the curated domain skill family; prioritize because the catalog marks it high risk or the domain is on the current software-product/release path.,TRIAGE_ONLY_NOT_CERTIFIED
performance-documentation,performance,documentation,medium,PROPOSED_RECONCILE,PARTIALLY_SATISFIED,aide-perf-launch-engineering;failure-battery-memory-pressure-504,"Related domain skill text exists, but it lacks the supplied formal contract and coordinate-level routing/certification evidence.",TRIAGE_ONLY_NOT_CERTIFIED
performance-operator-runbook,performance,operator-runbook,medium,PROPOSED_RECONCILE,SOP_GOVERNED,agent-notes;aide-aide-stack-launch-and-recover;developer-way,Govern this cross-cutting procedure once through the named SOP family; add domain-specific checks only where evidence requires them.,TRIAGE_ONLY_NOT_CERTIFIED
performance-code-review,performance,code-review,medium,PROPOSED_RECONCILE,SOP_GOVERNED,aide-release-engineering;aide-arch-test-fixes;aide-pre-push-gate;developer-way,Govern this cross-cutting procedure once through the named SOP family; add domain-specific checks only where evidence requires them.,TRIAGE_ONLY_NOT_CERTIFIED
performance-regression-analysis,performance,regression-analysis,medium,PROPOSED_RECONCILE,SOP_GOVERNED,aide-arch-test-fixes;aide-task-verification-battery;developer-way,Govern this cross-cutting procedure once through the named SOP family; add domain-specific checks only where evidence requires them.,TRIAGE_ONLY_NOT_CERTIFIED
performance-root-cause-repair,performance,root-cause-repair,medium,PROPOSED_RECONCILE,SOP_GOVERNED,aide-debugging-discipline;aide-unified-diff-repair;ask-dont-circle;developer-way,Govern this cross-cutting procedure once through the named SOP family; add domain-specific checks only where evidence requires them.,TRIAGE_ONLY_NOT_CERTIFIED
performance-dependency-audit,performance,dependency-audit,medium,PROPOSED_RECONCILE,SOP_GOVERNED,aide-supply-chain-audit;aide-arch-packaging-release;aide-ci-diagnostics,Govern this cross-cutting procedure once through the named SOP family; add domain-specific checks only where evidence requires them.,TRIAGE_ONLY_NOT_CERTIFIED
performance-release-readiness,performance,release-readiness,high,PROPOSED_RECONCILE,WORKFLOW_COMPOSITION,aide-perf-launch-engineering;failure-battery-memory-pressure-504;one-heavy-job;aide-agent-workflow-sop;aide-autonomous-workflow;aide-master-roadmap,"Compose this multi-step activity in a curated workflow/pack. Existing workbench flows are adjacent composition examples, not proof this target-domain workflow exists.",TRIAGE_ONLY_NOT_CERTIFIED
performance-evidence-capture,performance,evidence-capture,medium,PROPOSED_RECONCILE,NOT_APPROPRIATE_AS_SKILL,aide-task-verification-battery;aide-veritas-layer;aide-pre-push-gate,This is a deterministic verification/evidence outcome; expose the gate in a workflow and record its result instead of relying on prompt instructions.,TRIAGE_ONLY_NOT_CERTIFIED
performance-post-acceptance-monitoring,performance,post-acceptance-monitoring,medium,PROPOSED_RECONCILE,WORKFLOW_COMPOSITION,aide-perf-launch-engineering;failure-battery-memory-pressure-504;one-heavy-job;aide-agent-workflow-sop;aide-autonomous-workflow;aide-master-roadmap,"Compose this multi-step activity in a curated workflow/pack. Existing workbench flows are adjacent composition examples, not proof this target-domain workflow exists.",TRIAGE_ONLY_NOT_CERTIFIED
performance-maintenance-upgrade,performance,maintenance-upgrade,medium,PROPOSED_RECONCILE,WORKFLOW_COMPOSITION,aide-perf-launch-engineering;failure-battery-memory-pressure-504;one-heavy-job;aide-agent-workflow-sop;aide-autonomous-workflow;aide-master-roadmap,"Compose this multi-step activity in a curated workflow/pack. Existing workbench flows are adjacent composition examples, not proof this target-domain workflow exists.",TRIAGE_ONLY_NOT_CERTIFIED
documentation-requirements-discovery,documentation,requirements-discovery,medium,PROPOSED_RECONCILE,WORKFLOW_COMPOSITION,agent-notes;aide-agents-md;failure-apply-patch-doc-paragraph-drift;developer-way;aide-agent-workflow-sop;aide-autonomous-workflow;aide-master-roadmap,"Compose this multi-step activity in a curated workflow/pack. Existing workbench flows are adjacent composition examples, not proof this target-domain workflow exists.",TRIAGE_ONLY_NOT_CERTIFIED
documentation-environment-inspection,documentation,environment-inspection,medium,PROPOSED_RECONCILE,WORKFLOW_COMPOSITION,agent-notes;aide-agents-md;failure-apply-patch-doc-paragraph-drift;developer-way;aide-agent-workflow-sop;aide-autonomous-workflow;aide-master-roadmap,"Compose this multi-step activity in a curated workflow/pack. Existing workbench flows are adjacent composition examples, not proof this target-domain workflow exists.",TRIAGE_ONLY_NOT_CERTIFIED
documentation-reference-research,documentation,reference-research,medium,PROPOSED_RECONCILE,WORKFLOW_COMPOSITION,agent-notes;aide-agents-md;failure-apply-patch-doc-paragraph-drift;developer-way;aide-agent-workflow-sop;aide-autonomous-workflow;aide-master-roadmap,"Compose this multi-step activity in a curated workflow/pack. Existing workbench flows are adjacent composition examples, not proof this target-domain workflow exists.",TRIAGE_ONLY_NOT_CERTIFIED
documentation-architecture-plan,documentation,architecture-plan,medium,PROPOSED_RECONCILE,WORKFLOW_COMPOSITION,agent-notes;aide-agents-md;failure-apply-patch-doc-paragraph-drift;developer-way;aide-agent-workflow-sop;aide-autonomous-workflow;aide-master-roadmap,"Compose this multi-step activity in a curated workflow/pack. Existing workbench flows are adjacent composition examples, not proof this target-domain workflow exists.",TRIAGE_ONLY_NOT_CERTIFIED
documentation-interface-contract,documentation,interface-contract,medium,PROPOSED_RECONCILE,PARTIALLY_SATISFIED,aide-agents-md,"Related domain skill text exists, but it lacks the supplied formal contract and coordinate-level routing/certification evidence.",TRIAGE_ONLY_NOT_CERTIFIED
documentation-data-contract,documentation,data-contract,medium,PROPOSED_RECONCILE,PARTIALLY_SATISFIED,aide-agents-md,"Related domain skill text exists, but it lacks the supplied formal contract and coordinate-level routing/certification evidence.",TRIAGE_ONLY_NOT_CERTIFIED
documentation-implementation-plan,documentation,implementation-plan,medium,PROPOSED_RECONCILE,WORKFLOW_COMPOSITION,agent-notes;aide-agents-md;failure-apply-patch-doc-paragraph-drift;developer-way;aide-agent-workflow-sop;aide-autonomous-workflow;aide-master-roadmap,"Compose this multi-step activity in a curated workflow/pack. Existing workbench flows are adjacent composition examples, not proof this target-domain workflow exists.",TRIAGE_ONLY_NOT_CERTIFIED
documentation-prototype,documentation,prototype,medium,PROPOSED_RECONCILE,WORKFLOW_COMPOSITION,agent-notes;aide-agents-md;failure-apply-patch-doc-paragraph-drift;developer-way;aide-agent-workflow-sop;aide-autonomous-workflow;aide-master-roadmap,"Compose this multi-step activity in a curated workflow/pack. Existing workbench flows are adjacent composition examples, not proof this target-domain workflow exists.",TRIAGE_ONLY_NOT_CERTIFIED
documentation-implementation,documentation,implementation,medium,PROPOSED_RECONCILE,WORKFLOW_COMPOSITION,agent-notes;aide-agents-md;failure-apply-patch-doc-paragraph-drift;developer-way;aide-agent-workflow-sop;aide-autonomous-workflow;aide-master-roadmap,"Compose this multi-step activity in a curated workflow/pack. Existing workbench flows are adjacent composition examples, not proof this target-domain workflow exists.",TRIAGE_ONLY_NOT_CERTIFIED
documentation-integration,documentation,integration,medium,PROPOSED_RECONCILE,WORKFLOW_COMPOSITION,agent-notes;aide-agents-md;failure-apply-patch-doc-paragraph-drift;developer-way;aide-agent-workflow-sop;aide-autonomous-workflow;aide-master-roadmap,"Compose this multi-step activity in a curated workflow/pack. Existing workbench flows are adjacent composition examples, not proof this target-domain workflow exists.",TRIAGE_ONLY_NOT_CERTIFIED
documentation-configuration,documentation,configuration,medium,PROPOSED_RECONCILE,WORKFLOW_COMPOSITION,agent-notes;aide-agents-md;failure-apply-patch-doc-paragraph-drift;developer-way;aide-agent-workflow-sop;aide-autonomous-workflow;aide-master-roadmap,"Compose this multi-step activity in a curated workflow/pack. Existing workbench flows are adjacent composition examples, not proof this target-domain workflow exists.",TRIAGE_ONLY_NOT_CERTIFIED
documentation-migration,documentation,migration,medium,PROPOSED_RECONCILE,WORKFLOW_COMPOSITION,agent-notes;aide-agents-md;failure-apply-patch-doc-paragraph-drift;developer-way;aide-agent-workflow-sop;aide-autonomous-workflow;aide-master-roadmap,"Compose this multi-step activity in a curated workflow/pack. Existing workbench flows are adjacent composition examples, not proof this target-domain workflow exists.",TRIAGE_ONLY_NOT_CERTIFIED
documentation-compatibility,documentation,compatibility,medium,PROPOSED_RECONCILE,MISSING_HIGH_VALUE,agent-notes;aide-agents-md;failure-apply-patch-doc-paragraph-drift;developer-way,No operation-specific match was found in the curated domain skill family; prioritize because the catalog marks it high risk or the domain is on the current software-product/release path.,TRIAGE_ONLY_NOT_CERTIFIED
documentation-error-handling,documentation,error-handling,medium,PROPOSED_RECONCILE,PARTIALLY_SATISFIED,developer-way,"Related domain skill text exists, but it lacks the supplied formal contract and coordinate-level routing/certification evidence.",TRIAGE_ONLY_NOT_CERTIFIED
documentation-edge-cases,documentation,edge-cases,medium,PROPOSED_RECONCILE,MISSING_HIGH_VALUE,agent-notes;aide-agents-md;failure-apply-patch-doc-paragraph-drift;developer-way,No operation-specific match was found in the curated domain skill family; prioritize because the catalog marks it high risk or the domain is on the current software-product/release path.,TRIAGE_ONLY_NOT_CERTIFIED
documentation-security-review,documentation,security-review,high,PROPOSED_RECONCILE,SOP_GOVERNED,aide-security-hardening;aide-supply-chain-audit;developer-way,Govern this cross-cutting procedure once through the named SOP family; add domain-specific checks only where evidence requires them.,TRIAGE_ONLY_NOT_CERTIFIED
documentation-privacy-review,documentation,privacy-review,medium,PROPOSED_RECONCILE,SOP_GOVERNED,covert-context-control;aide-offline-agent-loop;aide-secrets-handling-protocol;developer-way,Govern this cross-cutting procedure once through the named SOP family; add domain-specific checks only where evidence requires them.,TRIAGE_ONLY_NOT_CERTIFIED
documentation-accessibility-review,documentation,accessibility-review,medium,PROPOSED_RECONCILE,MISSING_HIGH_VALUE,agent-notes;aide-agents-md;failure-apply-patch-doc-paragraph-drift;developer-way,No operation-specific match was found in the curated domain skill family; prioritize because the catalog marks it high risk or the domain is on the current software-product/release path.,TRIAGE_ONLY_NOT_CERTIFIED
documentation-performance-budget,documentation,performance-budget,medium,PROPOSED_RECONCILE,MISSING_HIGH_VALUE,agent-notes;aide-agents-md;failure-apply-patch-doc-paragraph-drift;developer-way,No operation-specific match was found in the curated domain skill family; prioritize because the catalog marks it high risk or the domain is on the current software-product/release path.,TRIAGE_ONLY_NOT_CERTIFIED
documentation-performance-profile,documentation,performance-profile,medium,PROPOSED_RECONCILE,MISSING_HIGH_VALUE,agent-notes;aide-agents-md;failure-apply-patch-doc-paragraph-drift;developer-way,No operation-specific match was found in the curated domain skill family; prioritize because the catalog marks it high risk or the domain is on the current software-product/release path.,TRIAGE_ONLY_NOT_CERTIFIED
documentation-unit-verification,documentation,unit-verification,medium,PROPOSED_RECONCILE,NOT_APPROPRIATE_AS_SKILL,aide-task-verification-battery;aide-veritas-layer;aide-pre-push-gate,This is a deterministic verification/evidence outcome; expose the gate in a workflow and record its result instead of relying on prompt instructions.,TRIAGE_ONLY_NOT_CERTIFIED
documentation-integration-verification,documentation,integration-verification,medium,PROPOSED_RECONCILE,NOT_APPROPRIATE_AS_SKILL,aide-task-verification-battery;aide-veritas-layer;aide-pre-push-gate,This is a deterministic verification/evidence outcome; expose the gate in a workflow and record its result instead of relying on prompt instructions.,TRIAGE_ONLY_NOT_CERTIFIED
documentation-e2e-verification,documentation,e2e-verification,medium,PROPOSED_RECONCILE,NOT_APPROPRIATE_AS_SKILL,aide-task-verification-battery;aide-veritas-layer;aide-pre-push-gate,This is a deterministic verification/evidence outcome; expose the gate in a workflow and record its result instead of relying on prompt instructions.,TRIAGE_ONLY_NOT_CERTIFIED
documentation-negative-testing,documentation,negative-testing,medium,PROPOSED_RECONCILE,MISSING_HIGH_VALUE,agent-notes;aide-agents-md;failure-apply-patch-doc-paragraph-drift;developer-way,No operation-specific match was found in the curated domain skill family; prioritize because the catalog marks it high risk or the domain is on the current software-product/release path.,TRIAGE_ONLY_NOT_CERTIFIED
documentation-fault-injection,documentation,fault-injection,medium,PROPOSED_RECONCILE,MISSING_HIGH_VALUE,agent-notes;aide-agents-md;failure-apply-patch-doc-paragraph-drift;developer-way,No operation-specific match was found in the curated domain skill family; prioritize because the catalog marks it high risk or the domain is on the current software-product/release path.,TRIAGE_ONLY_NOT_CERTIFIED
documentation-cross-platform-check,documentation,cross-platform-check,medium,PROPOSED_RECONCILE,WORKFLOW_COMPOSITION,agent-notes;aide-agents-md;failure-apply-patch-doc-paragraph-drift;developer-way;aide-agent-workflow-sop;aide-autonomous-workflow;aide-master-roadmap,"Compose this multi-step activity in a curated workflow/pack. Existing workbench flows are adjacent composition examples, not proof this target-domain workflow exists.",TRIAGE_ONLY_NOT_CERTIFIED
documentation-offline-check,documentation,offline-check,medium,PROPOSED_RECONCILE,WORKFLOW_COMPOSITION,agent-notes;aide-agents-md;failure-apply-patch-doc-paragraph-drift;developer-way;aide-agent-workflow-sop;aide-autonomous-workflow;aide-master-roadmap,"Compose this multi-step activity in a curated workflow/pack. Existing workbench flows are adjacent composition examples, not proof this target-domain workflow exists.",TRIAGE_ONLY_NOT_CERTIFIED
documentation-restart-recovery,documentation,restart-recovery,medium,PROPOSED_RECONCILE,WORKFLOW_COMPOSITION,agent-notes;aide-agents-md;failure-apply-patch-doc-paragraph-drift;developer-way;aide-agent-workflow-sop;aide-autonomous-workflow;aide-master-roadmap,"Compose this multi-step activity in a curated workflow/pack. Existing workbench flows are adjacent composition examples, not proof this target-domain workflow exists.",TRIAGE_ONLY_NOT_CERTIFIED
documentation-observability,documentation,observability,medium,PROPOSED_RECONCILE,MISSING_HIGH_VALUE,agent-notes;aide-agents-md;failure-apply-patch-doc-paragraph-drift;developer-way,No operation-specific match was found in the curated domain skill family; prioritize because the catalog marks it high risk or the domain is on the current software-product/release path.,TRIAGE_ONLY_NOT_CERTIFIED
documentation-logging-diagnostics,documentation,logging-diagnostics,medium,PROPOSED_RECONCILE,MISSING_HIGH_VALUE,agent-notes;aide-agents-md;failure-apply-patch-doc-paragraph-drift;developer-way,No operation-specific match was found in the curated domain skill family; prioritize because the catalog marks it high risk or the domain is on the current software-product/release path.,TRIAGE_ONLY_NOT_CERTIFIED
documentation-documentation,documentation,documentation,medium,PROPOSED_RECONCILE,PARTIALLY_SATISFIED,agent-notes;failure-apply-patch-doc-paragraph-drift;developer-way,"Related domain skill text exists, but it lacks the supplied formal contract and coordinate-level routing/certification evidence.",TRIAGE_ONLY_NOT_CERTIFIED
documentation-operator-runbook,documentation,operator-runbook,medium,PROPOSED_RECONCILE,SOP_GOVERNED,agent-notes;aide-aide-stack-launch-and-recover;developer-way,Govern this cross-cutting procedure once through the named SOP family; add domain-specific checks only where evidence requires them.,TRIAGE_ONLY_NOT_CERTIFIED
documentation-code-review,documentation,code-review,medium,PROPOSED_RECONCILE,SOP_GOVERNED,aide-release-engineering;aide-arch-test-fixes;aide-pre-push-gate;developer-way,Govern this cross-cutting procedure once through the named SOP family; add domain-specific checks only where evidence requires them.,TRIAGE_ONLY_NOT_CERTIFIED
documentation-regression-analysis,documentation,regression-analysis,medium,PROPOSED_RECONCILE,SOP_GOVERNED,aide-arch-test-fixes;aide-task-verification-battery;developer-way,Govern this cross-cutting procedure once through the named SOP family; add domain-specific checks only where evidence requires them.,TRIAGE_ONLY_NOT_CERTIFIED
documentation-root-cause-repair,documentation,root-cause-repair,medium,PROPOSED_RECONCILE,SOP_GOVERNED,aide-debugging-discipline;aide-unified-diff-repair;ask-dont-circle;developer-way,Govern this cross-cutting procedure once through the named SOP family; add domain-specific checks only where evidence requires them.,TRIAGE_ONLY_NOT_CERTIFIED
documentation-dependency-audit,documentation,dependency-audit,medium,PROPOSED_RECONCILE,SOP_GOVERNED,aide-supply-chain-audit;aide-arch-packaging-release;aide-ci-diagnostics,Govern this cross-cutting procedure once through the named SOP family; add domain-specific checks only where evidence requires them.,TRIAGE_ONLY_NOT_CERTIFIED
documentation-release-readiness,documentation,release-readiness,high,PROPOSED_RECONCILE,WORKFLOW_COMPOSITION,agent-notes;aide-agents-md;failure-apply-patch-doc-paragraph-drift;developer-way;aide-agent-workflow-sop;aide-autonomous-workflow;aide-master-roadmap,"Compose this multi-step activity in a curated workflow/pack. Existing workbench flows are adjacent composition examples, not proof this target-domain workflow exists.",TRIAGE_ONLY_NOT_CERTIFIED
documentation-evidence-capture,documentation,evidence-capture,medium,PROPOSED_RECONCILE,NOT_APPROPRIATE_AS_SKILL,aide-task-verification-battery;aide-veritas-layer;aide-pre-push-gate,This is a deterministic verification/evidence outcome; expose the gate in a workflow and record its result instead of relying on prompt instructions.,TRIAGE_ONLY_NOT_CERTIFIED
documentation-post-acceptance-monitoring,documentation,post-acceptance-monitoring,medium,PROPOSED_RECONCILE,WORKFLOW_COMPOSITION,agent-notes;aide-agents-md;failure-apply-patch-doc-paragraph-drift;developer-way;aide-agent-workflow-sop;aide-autonomous-workflow;aide-master-roadmap,"Compose this multi-step activity in a curated workflow/pack. Existing workbench flows are adjacent composition examples, not proof this target-domain workflow exists.",TRIAGE_ONLY_NOT_CERTIFIED
documentation-maintenance-upgrade,documentation,maintenance-upgrade,medium,PROPOSED_RECONCILE,WORKFLOW_COMPOSITION,agent-notes;aide-agents-md;failure-apply-patch-doc-paragraph-drift;developer-way;aide-agent-workflow-sop;aide-autonomous-workflow;aide-master-roadmap,"Compose this multi-step activity in a curated workflow/pack. Existing workbench flows are adjacent composition examples, not proof this target-domain workflow exists.",TRIAGE_ONLY_NOT_CERTIFIED
product-ux-requirements-discovery,product-ux,requirements-discovery,medium,PROPOSED_RECONCILE,WORKFLOW_COMPOSITION,aide-ux-hardening;aide-responsive-a11y;ex-vis-premium-aesthetic-language;ex-fnt-component-composition;ex-int-motion-choreography;aide-agent-workflow-sop;aide-autonomous-workflow;aide-master-roadmap,"Compose this multi-step activity in a curated workflow/pack. Existing workbench flows are adjacent composition examples, not proof this target-domain workflow exists.",TRIAGE_ONLY_NOT_CERTIFIED
product-ux-environment-inspection,product-ux,environment-inspection,medium,PROPOSED_RECONCILE,WORKFLOW_COMPOSITION,aide-ux-hardening;aide-responsive-a11y;ex-vis-premium-aesthetic-language;ex-fnt-component-composition;ex-int-motion-choreography;aide-agent-workflow-sop;aide-autonomous-workflow;aide-master-roadmap,"Compose this multi-step activity in a curated workflow/pack. Existing workbench flows are adjacent composition examples, not proof this target-domain workflow exists.",TRIAGE_ONLY_NOT_CERTIFIED
product-ux-reference-research,product-ux,reference-research,medium,PROPOSED_RECONCILE,WORKFLOW_COMPOSITION,aide-ux-hardening;aide-responsive-a11y;ex-vis-premium-aesthetic-language;ex-fnt-component-composition;ex-int-motion-choreography;aide-agent-workflow-sop;aide-autonomous-workflow;aide-master-roadmap,"Compose this multi-step activity in a curated workflow/pack. Existing workbench flows are adjacent composition examples, not proof this target-domain workflow exists.",TRIAGE_ONLY_NOT_CERTIFIED
product-ux-architecture-plan,product-ux,architecture-plan,medium,PROPOSED_RECONCILE,WORKFLOW_COMPOSITION,aide-ux-hardening;aide-responsive-a11y;ex-vis-premium-aesthetic-language;ex-fnt-component-composition;ex-int-motion-choreography;aide-agent-workflow-sop;aide-autonomous-workflow;aide-master-roadmap,"Compose this multi-step activity in a curated workflow/pack. Existing workbench flows are adjacent composition examples, not proof this target-domain workflow exists.",TRIAGE_ONLY_NOT_CERTIFIED
product-ux-interface-contract,product-ux,interface-contract,medium,PROPOSED_RECONCILE,MISSING_HIGH_VALUE,aide-ux-hardening;aide-responsive-a11y;ex-vis-premium-aesthetic-language;ex-fnt-component-composition;ex-int-motion-choreography,No operation-specific match was found in the curated domain skill family; prioritize because the catalog marks it high risk or the domain is on the current software-product/release path.,TRIAGE_ONLY_NOT_CERTIFIED
product-ux-data-contract,product-ux,data-contract,medium,PROPOSED_RECONCILE,MISSING_HIGH_VALUE,aide-ux-hardening;aide-responsive-a11y;ex-vis-premium-aesthetic-language;ex-fnt-component-composition;ex-int-motion-choreography,No operation-specific match was found in the curated domain skill family; prioritize because the catalog marks it high risk or the domain is on the current software-product/release path.,TRIAGE_ONLY_NOT_CERTIFIED
product-ux-implementation-plan,product-ux,implementation-plan,medium,PROPOSED_RECONCILE,WORKFLOW_COMPOSITION,aide-ux-hardening;aide-responsive-a11y;ex-vis-premium-aesthetic-language;ex-fnt-component-composition;ex-int-motion-choreography;aide-agent-workflow-sop;aide-autonomous-workflow;aide-master-roadmap,"Compose this multi-step activity in a curated workflow/pack. Existing workbench flows are adjacent composition examples, not proof this target-domain workflow exists.",TRIAGE_ONLY_NOT_CERTIFIED
product-ux-prototype,product-ux,prototype,medium,PROPOSED_RECONCILE,WORKFLOW_COMPOSITION,aide-ux-hardening;aide-responsive-a11y;ex-vis-premium-aesthetic-language;ex-fnt-component-composition;ex-int-motion-choreography;aide-agent-workflow-sop;aide-autonomous-workflow;aide-master-roadmap,"Compose this multi-step activity in a curated workflow/pack. Existing workbench flows are adjacent composition examples, not proof this target-domain workflow exists.",TRIAGE_ONLY_NOT_CERTIFIED
product-ux-implementation,product-ux,implementation,medium,PROPOSED_RECONCILE,WORKFLOW_COMPOSITION,aide-ux-hardening;aide-responsive-a11y;ex-vis-premium-aesthetic-language;ex-fnt-component-composition;ex-int-motion-choreography;aide-agent-workflow-sop;aide-autonomous-workflow;aide-master-roadmap,"Compose this multi-step activity in a curated workflow/pack. Existing workbench flows are adjacent composition examples, not proof this target-domain workflow exists.",TRIAGE_ONLY_NOT_CERTIFIED
product-ux-integration,product-ux,integration,medium,PROPOSED_RECONCILE,WORKFLOW_COMPOSITION,aide-ux-hardening;aide-responsive-a11y;ex-vis-premium-aesthetic-language;ex-fnt-component-composition;ex-int-motion-choreography;aide-agent-workflow-sop;aide-autonomous-workflow;aide-master-roadmap,"Compose this multi-step activity in a curated workflow/pack. Existing workbench flows are adjacent composition examples, not proof this target-domain workflow exists.",TRIAGE_ONLY_NOT_CERTIFIED
product-ux-configuration,product-ux,configuration,medium,PROPOSED_RECONCILE,WORKFLOW_COMPOSITION,aide-ux-hardening;aide-responsive-a11y;ex-vis-premium-aesthetic-language;ex-fnt-component-composition;ex-int-motion-choreography;aide-agent-workflow-sop;aide-autonomous-workflow;aide-master-roadmap,"Compose this multi-step activity in a curated workflow/pack. Existing workbench flows are adjacent composition examples, not proof this target-domain workflow exists.",TRIAGE_ONLY_NOT_CERTIFIED
product-ux-migration,product-ux,migration,medium,PROPOSED_RECONCILE,WORKFLOW_COMPOSITION,aide-ux-hardening;aide-responsive-a11y;ex-vis-premium-aesthetic-language;ex-fnt-component-composition;ex-int-motion-choreography;aide-agent-workflow-sop;aide-autonomous-workflow;aide-master-roadmap,"Compose this multi-step activity in a curated workflow/pack. Existing workbench flows are adjacent composition examples, not proof this target-domain workflow exists.",TRIAGE_ONLY_NOT_CERTIFIED
product-ux-compatibility,product-ux,compatibility,medium,PROPOSED_RECONCILE,MISSING_HIGH_VALUE,aide-ux-hardening;aide-responsive-a11y;ex-vis-premium-aesthetic-language;ex-fnt-component-composition;ex-int-motion-choreography,No operation-specific match was found in the curated domain skill family; prioritize because the catalog marks it high risk or the domain is on the current software-product/release path.,TRIAGE_ONLY_NOT_CERTIFIED
product-ux-error-handling,product-ux,error-handling,medium,PROPOSED_RECONCILE,MISSING_HIGH_VALUE,aide-ux-hardening;aide-responsive-a11y;ex-vis-premium-aesthetic-language;ex-fnt-component-composition;ex-int-motion-choreography,No operation-specific match was found in the curated domain skill family; prioritize because the catalog marks it high risk or the domain is on the current software-product/release path.,TRIAGE_ONLY_NOT_CERTIFIED
product-ux-edge-cases,product-ux,edge-cases,medium,PROPOSED_RECONCILE,MISSING_HIGH_VALUE,aide-ux-hardening;aide-responsive-a11y;ex-vis-premium-aesthetic-language;ex-fnt-component-composition;ex-int-motion-choreography,No operation-specific match was found in the curated domain skill family; prioritize because the catalog marks it high risk or the domain is on the current software-product/release path.,TRIAGE_ONLY_NOT_CERTIFIED
product-ux-security-review,product-ux,security-review,high,PROPOSED_RECONCILE,SOP_GOVERNED,aide-security-hardening;aide-supply-chain-audit;developer-way,Govern this cross-cutting procedure once through the named SOP family; add domain-specific checks only where evidence requires them.,TRIAGE_ONLY_NOT_CERTIFIED
product-ux-privacy-review,product-ux,privacy-review,medium,PROPOSED_RECONCILE,SOP_GOVERNED,covert-context-control;aide-offline-agent-loop;aide-secrets-handling-protocol;developer-way,Govern this cross-cutting procedure once through the named SOP family; add domain-specific checks only where evidence requires them.,TRIAGE_ONLY_NOT_CERTIFIED
product-ux-accessibility-review,product-ux,accessibility-review,medium,PROPOSED_RECONCILE,PARTIALLY_SATISFIED,aide-ux-hardening;aide-responsive-a11y;ex-vis-premium-aesthetic-language;ex-int-motion-choreography,"Related domain skill text exists, but it lacks the supplied formal contract and coordinate-level routing/certification evidence.",TRIAGE_ONLY_NOT_CERTIFIED
product-ux-performance-budget,product-ux,performance-budget,medium,PROPOSED_RECONCILE,PARTIALLY_SATISFIED,ex-fnt-component-composition;ex-int-motion-choreography,"Related domain skill text exists, but it lacks the supplied formal contract and coordinate-level routing/certification evidence.",TRIAGE_ONLY_NOT_CERTIFIED
product-ux-performance-profile,product-ux,performance-profile,medium,PROPOSED_RECONCILE,MISSING_HIGH_VALUE,aide-ux-hardening;aide-responsive-a11y;ex-vis-premium-aesthetic-language;ex-fnt-component-composition;ex-int-motion-choreography,No operation-specific match was found in the curated domain skill family; prioritize because the catalog marks it high risk or the domain is on the current software-product/release path.,TRIAGE_ONLY_NOT_CERTIFIED
product-ux-unit-verification,product-ux,unit-verification,medium,PROPOSED_RECONCILE,NOT_APPROPRIATE_AS_SKILL,aide-task-verification-battery;aide-veritas-layer;aide-pre-push-gate,This is a deterministic verification/evidence outcome; expose the gate in a workflow and record its result instead of relying on prompt instructions.,TRIAGE_ONLY_NOT_CERTIFIED
product-ux-integration-verification,product-ux,integration-verification,medium,PROPOSED_RECONCILE,NOT_APPROPRIATE_AS_SKILL,aide-task-verification-battery;aide-veritas-layer;aide-pre-push-gate,This is a deterministic verification/evidence outcome; expose the gate in a workflow and record its result instead of relying on prompt instructions.,TRIAGE_ONLY_NOT_CERTIFIED
product-ux-e2e-verification,product-ux,e2e-verification,medium,PROPOSED_RECONCILE,NOT_APPROPRIATE_AS_SKILL,aide-task-verification-battery;aide-veritas-layer;aide-pre-push-gate,This is a deterministic verification/evidence outcome; expose the gate in a workflow and record its result instead of relying on prompt instructions.,TRIAGE_ONLY_NOT_CERTIFIED
product-ux-negative-testing,product-ux,negative-testing,medium,PROPOSED_RECONCILE,MISSING_HIGH_VALUE,aide-ux-hardening;aide-responsive-a11y;ex-vis-premium-aesthetic-language;ex-fnt-component-composition;ex-int-motion-choreography,No operation-specific match was found in the curated domain skill family; prioritize because the catalog marks it high risk or the domain is on the current software-product/release path.,TRIAGE_ONLY_NOT_CERTIFIED
product-ux-fault-injection,product-ux,fault-injection,medium,PROPOSED_RECONCILE,MISSING_HIGH_VALUE,aide-ux-hardening;aide-responsive-a11y;ex-vis-premium-aesthetic-language;ex-fnt-component-composition;ex-int-motion-choreography,No operation-specific match was found in the curated domain skill family; prioritize because the catalog marks it high risk or the domain is on the current software-product/release path.,TRIAGE_ONLY_NOT_CERTIFIED
product-ux-cross-platform-check,product-ux,cross-platform-check,medium,PROPOSED_RECONCILE,WORKFLOW_COMPOSITION,aide-ux-hardening;aide-responsive-a11y;ex-vis-premium-aesthetic-language;ex-fnt-component-composition;ex-int-motion-choreography;aide-agent-workflow-sop;aide-autonomous-workflow;aide-master-roadmap,"Compose this multi-step activity in a curated workflow/pack. Existing workbench flows are adjacent composition examples, not proof this target-domain workflow exists.",TRIAGE_ONLY_NOT_CERTIFIED
product-ux-offline-check,product-ux,offline-check,medium,PROPOSED_RECONCILE,WORKFLOW_COMPOSITION,aide-ux-hardening;aide-responsive-a11y;ex-vis-premium-aesthetic-language;ex-fnt-component-composition;ex-int-motion-choreography;aide-agent-workflow-sop;aide-autonomous-workflow;aide-master-roadmap,"Compose this multi-step activity in a curated workflow/pack. Existing workbench flows are adjacent composition examples, not proof this target-domain workflow exists.",TRIAGE_ONLY_NOT_CERTIFIED
product-ux-restart-recovery,product-ux,restart-recovery,medium,PROPOSED_RECONCILE,WORKFLOW_COMPOSITION,aide-ux-hardening;aide-responsive-a11y;ex-vis-premium-aesthetic-language;ex-fnt-component-composition;ex-int-motion-choreography;aide-agent-workflow-sop;aide-autonomous-workflow;aide-master-roadmap,"Compose this multi-step activity in a curated workflow/pack. Existing workbench flows are adjacent composition examples, not proof this target-domain workflow exists.",TRIAGE_ONLY_NOT_CERTIFIED
product-ux-observability,product-ux,observability,medium,PROPOSED_RECONCILE,MISSING_HIGH_VALUE,aide-ux-hardening;aide-responsive-a11y;ex-vis-premium-aesthetic-language;ex-fnt-component-composition;ex-int-motion-choreography,No operation-specific match was found in the curated domain skill family; prioritize because the catalog marks it high risk or the domain is on the current software-product/release path.,TRIAGE_ONLY_NOT_CERTIFIED
product-ux-logging-diagnostics,product-ux,logging-diagnostics,medium,PROPOSED_RECONCILE,MISSING_HIGH_VALUE,aide-ux-hardening;aide-responsive-a11y;ex-vis-premium-aesthetic-language;ex-fnt-component-composition;ex-int-motion-choreography,No operation-specific match was found in the curated domain skill family; prioritize because the catalog marks it high risk or the domain is on the current software-product/release path.,TRIAGE_ONLY_NOT_CERTIFIED
product-ux-documentation,product-ux,documentation,medium,PROPOSED_RECONCILE,PARTIALLY_SATISFIED,aide-ux-hardening;aide-responsive-a11y;ex-vis-premium-aesthetic-language;ex-fnt-component-composition,"Related domain skill text exists, but it lacks the supplied formal contract and coordinate-level routing/certification evidence.",TRIAGE_ONLY_NOT_CERTIFIED
product-ux-operator-runbook,product-ux,operator-runbook,medium,PROPOSED_RECONCILE,SOP_GOVERNED,agent-notes;aide-aide-stack-launch-and-recover;developer-way,Govern this cross-cutting procedure once through the named SOP family; add domain-specific checks only where evidence requires them.,TRIAGE_ONLY_NOT_CERTIFIED
product-ux-code-review,product-ux,code-review,medium,PROPOSED_RECONCILE,SOP_GOVERNED,aide-release-engineering;aide-arch-test-fixes;aide-pre-push-gate;developer-way,Govern this cross-cutting procedure once through the named SOP family; add domain-specific checks only where evidence requires them.,TRIAGE_ONLY_NOT_CERTIFIED
product-ux-regression-analysis,product-ux,regression-analysis,medium,PROPOSED_RECONCILE,SOP_GOVERNED,aide-arch-test-fixes;aide-task-verification-battery;developer-way,Govern this cross-cutting procedure once through the named SOP family; add domain-specific checks only where evidence requires them.,TRIAGE_ONLY_NOT_CERTIFIED
product-ux-root-cause-repair,product-ux,root-cause-repair,medium,PROPOSED_RECONCILE,SOP_GOVERNED,aide-debugging-discipline;aide-unified-diff-repair;ask-dont-circle;developer-way,Govern this cross-cutting procedure once through the named SOP family; add domain-specific checks only where evidence requires them.,TRIAGE_ONLY_NOT_CERTIFIED
product-ux-dependency-audit,product-ux,dependency-audit,medium,PROPOSED_RECONCILE,SOP_GOVERNED,aide-supply-chain-audit;aide-arch-packaging-release;aide-ci-diagnostics,Govern this cross-cutting procedure once through the named SOP family; add domain-specific checks only where evidence requires them.,TRIAGE_ONLY_NOT_CERTIFIED
product-ux-release-readiness,product-ux,release-readiness,high,PROPOSED_RECONCILE,WORKFLOW_COMPOSITION,aide-ux-hardening;aide-responsive-a11y;ex-vis-premium-aesthetic-language;ex-fnt-component-composition;ex-int-motion-choreography;aide-agent-workflow-sop;aide-autonomous-workflow;aide-master-roadmap,"Compose this multi-step activity in a curated workflow/pack. Existing workbench flows are adjacent composition examples, not proof this target-domain workflow exists.",TRIAGE_ONLY_NOT_CERTIFIED
product-ux-evidence-capture,product-ux,evidence-capture,medium,PROPOSED_RECONCILE,NOT_APPROPRIATE_AS_SKILL,aide-task-verification-battery;aide-veritas-layer;aide-pre-push-gate,This is a deterministic verification/evidence outcome; expose the gate in a workflow and record its result instead of relying on prompt instructions.,TRIAGE_ONLY_NOT_CERTIFIED
product-ux-post-acceptance-monitoring,product-ux,post-acceptance-monitoring,medium,PROPOSED_RECONCILE,WORKFLOW_COMPOSITION,aide-ux-hardening;aide-responsive-a11y;ex-vis-premium-aesthetic-language;ex-fnt-component-composition;ex-int-motion-choreography;aide-agent-workflow-sop;aide-autonomous-workflow;aide-master-roadmap,"Compose this multi-step activity in a curated workflow/pack. Existing workbench flows are adjacent composition examples, not proof this target-domain workflow exists.",TRIAGE_ONLY_NOT_CERTIFIED
product-ux-maintenance-upgrade,product-ux,maintenance-upgrade,medium,PROPOSED_RECONCILE,WORKFLOW_COMPOSITION,aide-ux-hardening;aide-responsive-a11y;ex-vis-premium-aesthetic-language;ex-fnt-component-composition;ex-int-motion-choreography;aide-agent-workflow-sop;aide-autonomous-workflow;aide-master-roadmap,"Compose this multi-step activity in a curated workflow/pack. Existing workbench flows are adjacent composition examples, not proof this target-domain workflow exists.",TRIAGE_ONLY_NOT_CERTIFIED
game-development-requirements-discovery,game-development,requirements-discovery,medium,PROPOSED_RECONCILE,WORKFLOW_COMPOSITION,aide-agent-workflow-sop;aide-autonomous-workflow;aide-master-roadmap,"Compose this multi-step activity in a curated workflow/pack. Existing workbench flows are adjacent composition examples, not proof this target-domain workflow exists.",TRIAGE_ONLY_NOT_CERTIFIED
game-development-environment-inspection,game-development,environment-inspection,medium,PROPOSED_RECONCILE,WORKFLOW_COMPOSITION,aide-agent-workflow-sop;aide-autonomous-workflow;aide-master-roadmap,"Compose this multi-step activity in a curated workflow/pack. Existing workbench flows are adjacent composition examples, not proof this target-domain workflow exists.",TRIAGE_ONLY_NOT_CERTIFIED
game-development-reference-research,game-development,reference-research,medium,PROPOSED_RECONCILE,WORKFLOW_COMPOSITION,aide-agent-workflow-sop;aide-autonomous-workflow;aide-master-roadmap,"Compose this multi-step activity in a curated workflow/pack. Existing workbench flows are adjacent composition examples, not proof this target-domain workflow exists.",TRIAGE_ONLY_NOT_CERTIFIED
game-development-architecture-plan,game-development,architecture-plan,medium,PROPOSED_RECONCILE,WORKFLOW_COMPOSITION,aide-agent-workflow-sop;aide-autonomous-workflow;aide-master-roadmap,"Compose this multi-step activity in a curated workflow/pack. Existing workbench flows are adjacent composition examples, not proof this target-domain workflow exists.",TRIAGE_ONLY_NOT_CERTIFIED
game-development-interface-contract,game-development,interface-contract,medium,PROPOSED_RECONCILE,MISSING_LOW_VALUE,,No operation-specific match was found; keep proposed until operator/project demand establishes priority. Current triage places this outside the active release spine.,TRIAGE_ONLY_NOT_CERTIFIED
game-development-data-contract,game-development,data-contract,medium,PROPOSED_RECONCILE,MISSING_LOW_VALUE,,No operation-specific match was found; keep proposed until operator/project demand establishes priority. Current triage places this outside the active release spine.,TRIAGE_ONLY_NOT_CERTIFIED
game-development-implementation-plan,game-development,implementation-plan,medium,PROPOSED_RECONCILE,WORKFLOW_COMPOSITION,aide-agent-workflow-sop;aide-autonomous-workflow;aide-master-roadmap,"Compose this multi-step activity in a curated workflow/pack. Existing workbench flows are adjacent composition examples, not proof this target-domain workflow exists.",TRIAGE_ONLY_NOT_CERTIFIED
game-development-prototype,game-development,prototype,medium,PROPOSED_RECONCILE,WORKFLOW_COMPOSITION,aide-agent-workflow-sop;aide-autonomous-workflow;aide-master-roadmap,"Compose this multi-step activity in a curated workflow/pack. Existing workbench flows are adjacent composition examples, not proof this target-domain workflow exists.",TRIAGE_ONLY_NOT_CERTIFIED
game-development-implementation,game-development,implementation,medium,PROPOSED_RECONCILE,WORKFLOW_COMPOSITION,aide-agent-workflow-sop;aide-autonomous-workflow;aide-master-roadmap,"Compose this multi-step activity in a curated workflow/pack. Existing workbench flows are adjacent composition examples, not proof this target-domain workflow exists.",TRIAGE_ONLY_NOT_CERTIFIED
game-development-integration,game-development,integration,medium,PROPOSED_RECONCILE,WORKFLOW_COMPOSITION,aide-agent-workflow-sop;aide-autonomous-workflow;aide-master-roadmap,"Compose this multi-step activity in a curated workflow/pack. Existing workbench flows are adjacent composition examples, not proof this target-domain workflow exists.",TRIAGE_ONLY_NOT_CERTIFIED
game-development-configuration,game-development,configuration,medium,PROPOSED_RECONCILE,WORKFLOW_COMPOSITION,aide-agent-workflow-sop;aide-autonomous-workflow;aide-master-roadmap,"Compose this multi-step activity in a curated workflow/pack. Existing workbench flows are adjacent composition examples, not proof this target-domain workflow exists.",TRIAGE_ONLY_NOT_CERTIFIED
game-development-migration,game-development,migration,medium,PROPOSED_RECONCILE,WORKFLOW_COMPOSITION,aide-agent-workflow-sop;aide-autonomous-workflow;aide-master-roadmap,"Compose this multi-step activity in a curated workflow/pack. Existing workbench flows are adjacent composition examples, not proof this target-domain workflow exists.",TRIAGE_ONLY_NOT_CERTIFIED
game-development-compatibility,game-development,compatibility,medium,PROPOSED_RECONCILE,MISSING_LOW_VALUE,,No operation-specific match was found; keep proposed until operator/project demand establishes priority. Current triage places this outside the active release spine.,TRIAGE_ONLY_NOT_CERTIFIED
game-development-error-handling,game-development,error-handling,medium,PROPOSED_RECONCILE,MISSING_LOW_VALUE,,No operation-specific match was found; keep proposed until operator/project demand establishes priority. Current triage places this outside the active release spine.,TRIAGE_ONLY_NOT_CERTIFIED
game-development-edge-cases,game-development,edge-cases,medium,PROPOSED_RECONCILE,MISSING_LOW_VALUE,,No operation-specific match was found; keep proposed until operator/project demand establishes priority. Current triage places this outside the active release spine.,TRIAGE_ONLY_NOT_CERTIFIED
game-development-security-review,game-development,security-review,high,PROPOSED_RECONCILE,SOP_GOVERNED,aide-security-hardening;aide-supply-chain-audit;developer-way,Govern this cross-cutting procedure once through the named SOP family; add domain-specific checks only where evidence requires them.,TRIAGE_ONLY_NOT_CERTIFIED
game-development-privacy-review,game-development,privacy-review,medium,PROPOSED_RECONCILE,SOP_GOVERNED,covert-context-control;aide-offline-agent-loop;aide-secrets-handling-protocol;developer-way,Govern this cross-cutting procedure once through the named SOP family; add domain-specific checks only where evidence requires them.,TRIAGE_ONLY_NOT_CERTIFIED
game-development-accessibility-review,game-development,accessibility-review,medium,PROPOSED_RECONCILE,MISSING_LOW_VALUE,,No operation-specific match was found; keep proposed until operator/project demand establishes priority. Current triage places this outside the active release spine.,TRIAGE_ONLY_NOT_CERTIFIED
game-development-performance-budget,game-development,performance-budget,medium,PROPOSED_RECONCILE,MISSING_LOW_VALUE,,No operation-specific match was found; keep proposed until operator/project demand establishes priority. Current triage places this outside the active release spine.,TRIAGE_ONLY_NOT_CERTIFIED
game-development-performance-profile,game-development,performance-profile,medium,PROPOSED_RECONCILE,MISSING_LOW_VALUE,,No operation-specific match was found; keep proposed until operator/project demand establishes priority. Current triage places this outside the active release spine.,TRIAGE_ONLY_NOT_CERTIFIED
game-development-unit-verification,game-development,unit-verification,medium,PROPOSED_RECONCILE,NOT_APPROPRIATE_AS_SKILL,aide-task-verification-battery;aide-veritas-layer;aide-pre-push-gate,This is a deterministic verification/evidence outcome; expose the gate in a workflow and record its result instead of relying on prompt instructions.,TRIAGE_ONLY_NOT_CERTIFIED
game-development-integration-verification,game-development,integration-verification,medium,PROPOSED_RECONCILE,NOT_APPROPRIATE_AS_SKILL,aide-task-verification-battery;aide-veritas-layer;aide-pre-push-gate,This is a deterministic verification/evidence outcome; expose the gate in a workflow and record its result instead of relying on prompt instructions.,TRIAGE_ONLY_NOT_CERTIFIED
game-development-e2e-verification,game-development,e2e-verification,medium,PROPOSED_RECONCILE,NOT_APPROPRIATE_AS_SKILL,aide-task-verification-battery;aide-veritas-layer;aide-pre-push-gate,This is a deterministic verification/evidence outcome; expose the gate in a workflow and record its result instead of relying on prompt instructions.,TRIAGE_ONLY_NOT_CERTIFIED
game-development-negative-testing,game-development,negative-testing,medium,PROPOSED_RECONCILE,MISSING_LOW_VALUE,,No operation-specific match was found; keep proposed until operator/project demand establishes priority. Current triage places this outside the active release spine.,TRIAGE_ONLY_NOT_CERTIFIED
game-development-fault-injection,game-development,fault-injection,medium,PROPOSED_RECONCILE,MISSING_LOW_VALUE,,No operation-specific match was found; keep proposed until operator/project demand establishes priority. Current triage places this outside the active release spine.,TRIAGE_ONLY_NOT_CERTIFIED
game-development-cross-platform-check,game-development,cross-platform-check,medium,PROPOSED_RECONCILE,WORKFLOW_COMPOSITION,aide-agent-workflow-sop;aide-autonomous-workflow;aide-master-roadmap,"Compose this multi-step activity in a curated workflow/pack. Existing workbench flows are adjacent composition examples, not proof this target-domain workflow exists.",TRIAGE_ONLY_NOT_CERTIFIED
game-development-offline-check,game-development,offline-check,medium,PROPOSED_RECONCILE,WORKFLOW_COMPOSITION,aide-agent-workflow-sop;aide-autonomous-workflow;aide-master-roadmap,"Compose this multi-step activity in a curated workflow/pack. Existing workbench flows are adjacent composition examples, not proof this target-domain workflow exists.",TRIAGE_ONLY_NOT_CERTIFIED
game-development-restart-recovery,game-development,restart-recovery,medium,PROPOSED_RECONCILE,WORKFLOW_COMPOSITION,aide-agent-workflow-sop;aide-autonomous-workflow;aide-master-roadmap,"Compose this multi-step activity in a curated workflow/pack. Existing workbench flows are adjacent composition examples, not proof this target-domain workflow exists.",TRIAGE_ONLY_NOT_CERTIFIED
game-development-observability,game-development,observability,medium,PROPOSED_RECONCILE,MISSING_LOW_VALUE,,No operation-specific match was found; keep proposed until operator/project demand establishes priority. Current triage places this outside the active release spine.,TRIAGE_ONLY_NOT_CERTIFIED
game-development-logging-diagnostics,game-development,logging-diagnostics,medium,PROPOSED_RECONCILE,MISSING_LOW_VALUE,,No operation-specific match was found; keep proposed until operator/project demand establishes priority. Current triage places this outside the active release spine.,TRIAGE_ONLY_NOT_CERTIFIED
game-development-documentation,game-development,documentation,medium,PROPOSED_RECONCILE,MISSING_LOW_VALUE,,No operation-specific match was found; keep proposed until operator/project demand establishes priority. Current triage places this outside the active release spine.,TRIAGE_ONLY_NOT_CERTIFIED
game-development-operator-runbook,game-development,operator-runbook,medium,PROPOSED_RECONCILE,SOP_GOVERNED,agent-notes;aide-aide-stack-launch-and-recover;developer-way,Govern this cross-cutting procedure once through the named SOP family; add domain-specific checks only where evidence requires them.,TRIAGE_ONLY_NOT_CERTIFIED
game-development-code-review,game-development,code-review,medium,PROPOSED_RECONCILE,SOP_GOVERNED,aide-release-engineering;aide-arch-test-fixes;aide-pre-push-gate;developer-way,Govern this cross-cutting procedure once through the named SOP family; add domain-specific checks only where evidence requires them.,TRIAGE_ONLY_NOT_CERTIFIED
game-development-regression-analysis,game-development,regression-analysis,medium,PROPOSED_RECONCILE,SOP_GOVERNED,aide-arch-test-fixes;aide-task-verification-battery;developer-way,Govern this cross-cutting procedure once through the named SOP family; add domain-specific checks only where evidence requires them.,TRIAGE_ONLY_NOT_CERTIFIED
game-development-root-cause-repair,game-development,root-cause-repair,medium,PROPOSED_RECONCILE,SOP_GOVERNED,aide-debugging-discipline;aide-unified-diff-repair;ask-dont-circle;developer-way,Govern this cross-cutting procedure once through the named SOP family; add domain-specific checks only where evidence requires them.,TRIAGE_ONLY_NOT_CERTIFIED
game-development-dependency-audit,game-development,dependency-audit,medium,PROPOSED_RECONCILE,SOP_GOVERNED,aide-supply-chain-audit;aide-arch-packaging-release;aide-ci-diagnostics,Govern this cross-cutting procedure once through the named SOP family; add domain-specific checks only where evidence requires them.,TRIAGE_ONLY_NOT_CERTIFIED
game-development-release-readiness,game-development,release-readiness,high,PROPOSED_RECONCILE,WORKFLOW_COMPOSITION,aide-agent-workflow-sop;aide-autonomous-workflow;aide-master-roadmap,"Compose this multi-step activity in a curated workflow/pack. Existing workbench flows are adjacent composition examples, not proof this target-domain workflow exists.",TRIAGE_ONLY_NOT_CERTIFIED
game-development-evidence-capture,game-development,evidence-capture,medium,PROPOSED_RECONCILE,NOT_APPROPRIATE_AS_SKILL,aide-task-verification-battery;aide-veritas-layer;aide-pre-push-gate,This is a deterministic verification/evidence outcome; expose the gate in a workflow and record its result instead of relying on prompt instructions.,TRIAGE_ONLY_NOT_CERTIFIED
game-development-post-acceptance-monitoring,game-development,post-acceptance-monitoring,medium,PROPOSED_RECONCILE,WORKFLOW_COMPOSITION,aide-agent-workflow-sop;aide-autonomous-workflow;aide-master-roadmap,"Compose this multi-step activity in a curated workflow/pack. Existing workbench flows are adjacent composition examples, not proof this target-domain workflow exists.",TRIAGE_ONLY_NOT_CERTIFIED
game-development-maintenance-upgrade,game-development,maintenance-upgrade,medium,PROPOSED_RECONCILE,WORKFLOW_COMPOSITION,aide-agent-workflow-sop;aide-autonomous-workflow;aide-master-roadmap,"Compose this multi-step activity in a curated workflow/pack. Existing workbench flows are adjacent composition examples, not proof this target-domain workflow exists.",TRIAGE_ONLY_NOT_CERTIFIED
privacy-local-requirements-discovery,privacy-local,requirements-discovery,high,PROPOSED_RECONCILE,WORKFLOW_COMPOSITION,aide-offline-agent-loop;aide-offline-rag;aide-secrets-handling-protocol;aide-security-hardening;covert-context-control;aide-agent-workflow-sop;aide-autonomous-workflow;aide-master-roadmap,"Compose this multi-step activity in a curated workflow/pack. Existing workbench flows are adjacent composition examples, not proof this target-domain workflow exists.",TRIAGE_ONLY_NOT_CERTIFIED
privacy-local-environment-inspection,privacy-local,environment-inspection,high,PROPOSED_RECONCILE,WORKFLOW_COMPOSITION,aide-offline-agent-loop;aide-offline-rag;aide-secrets-handling-protocol;aide-security-hardening;covert-context-control;aide-agent-workflow-sop;aide-autonomous-workflow;aide-master-roadmap,"Compose this multi-step activity in a curated workflow/pack. Existing workbench flows are adjacent composition examples, not proof this target-domain workflow exists.",TRIAGE_ONLY_NOT_CERTIFIED
privacy-local-reference-research,privacy-local,reference-research,high,PROPOSED_RECONCILE,WORKFLOW_COMPOSITION,aide-offline-agent-loop;aide-offline-rag;aide-secrets-handling-protocol;aide-security-hardening;covert-context-control;aide-agent-workflow-sop;aide-autonomous-workflow;aide-master-roadmap,"Compose this multi-step activity in a curated workflow/pack. Existing workbench flows are adjacent composition examples, not proof this target-domain workflow exists.",TRIAGE_ONLY_NOT_CERTIFIED
privacy-local-architecture-plan,privacy-local,architecture-plan,high,PROPOSED_RECONCILE,WORKFLOW_COMPOSITION,aide-offline-agent-loop;aide-offline-rag;aide-secrets-handling-protocol;aide-security-hardening;covert-context-control;aide-agent-workflow-sop;aide-autonomous-workflow;aide-master-roadmap,"Compose this multi-step activity in a curated workflow/pack. Existing workbench flows are adjacent composition examples, not proof this target-domain workflow exists.",TRIAGE_ONLY_NOT_CERTIFIED
privacy-local-interface-contract,privacy-local,interface-contract,high,PROPOSED_RECONCILE,PARTIALLY_SATISFIED,aide-offline-agent-loop;aide-offline-rag,"Related domain skill text exists, but it lacks the supplied formal contract and coordinate-level routing/certification evidence.",TRIAGE_ONLY_NOT_CERTIFIED
privacy-local-data-contract,privacy-local,data-contract,high,PROPOSED_RECONCILE,PARTIALLY_SATISFIED,aide-offline-agent-loop,"Related domain skill text exists, but it lacks the supplied formal contract and coordinate-level routing/certification evidence.",TRIAGE_ONLY_NOT_CERTIFIED
privacy-local-implementation-plan,privacy-local,implementation-plan,high,PROPOSED_RECONCILE,WORKFLOW_COMPOSITION,aide-offline-agent-loop;aide-offline-rag;aide-secrets-handling-protocol;aide-security-hardening;covert-context-control;aide-agent-workflow-sop;aide-autonomous-workflow;aide-master-roadmap,"Compose this multi-step activity in a curated workflow/pack. Existing workbench flows are adjacent composition examples, not proof this target-domain workflow exists.",TRIAGE_ONLY_NOT_CERTIFIED
privacy-local-prototype,privacy-local,prototype,high,PROPOSED_RECONCILE,WORKFLOW_COMPOSITION,aide-offline-agent-loop;aide-offline-rag;aide-secrets-handling-protocol;aide-security-hardening;covert-context-control;aide-agent-workflow-sop;aide-autonomous-workflow;aide-master-roadmap,"Compose this multi-step activity in a curated workflow/pack. Existing workbench flows are adjacent composition examples, not proof this target-domain workflow exists.",TRIAGE_ONLY_NOT_CERTIFIED
privacy-local-implementation,privacy-local,implementation,high,PROPOSED_RECONCILE,WORKFLOW_COMPOSITION,aide-offline-agent-loop;aide-offline-rag;aide-secrets-handling-protocol;aide-security-hardening;covert-context-control;aide-agent-workflow-sop;aide-autonomous-workflow;aide-master-roadmap,"Compose this multi-step activity in a curated workflow/pack. Existing workbench flows are adjacent composition examples, not proof this target-domain workflow exists.",TRIAGE_ONLY_NOT_CERTIFIED
privacy-local-integration,privacy-local,integration,high,PROPOSED_RECONCILE,WORKFLOW_COMPOSITION,aide-offline-agent-loop;aide-offline-rag;aide-secrets-handling-protocol;aide-security-hardening;covert-context-control;aide-agent-workflow-sop;aide-autonomous-workflow;aide-master-roadmap,"Compose this multi-step activity in a curated workflow/pack. Existing workbench flows are adjacent composition examples, not proof this target-domain workflow exists.",TRIAGE_ONLY_NOT_CERTIFIED
privacy-local-configuration,privacy-local,configuration,high,PROPOSED_RECONCILE,WORKFLOW_COMPOSITION,aide-offline-agent-loop;aide-offline-rag;aide-secrets-handling-protocol;aide-security-hardening;covert-context-control;aide-agent-workflow-sop;aide-autonomous-workflow;aide-master-roadmap,"Compose this multi-step activity in a curated workflow/pack. Existing workbench flows are adjacent composition examples, not proof this target-domain workflow exists.",TRIAGE_ONLY_NOT_CERTIFIED
privacy-local-migration,privacy-local,migration,high,PROPOSED_RECONCILE,WORKFLOW_COMPOSITION,aide-offline-agent-loop;aide-offline-rag;aide-secrets-handling-protocol;aide-security-hardening;covert-context-control;aide-agent-workflow-sop;aide-autonomous-workflow;aide-master-roadmap,"Compose this multi-step activity in a curated workflow/pack. Existing workbench flows are adjacent composition examples, not proof this target-domain workflow exists.",TRIAGE_ONLY_NOT_CERTIFIED
privacy-local-compatibility,privacy-local,compatibility,high,PROPOSED_RECONCILE,PARTIALLY_SATISFIED,aide-offline-agent-loop;aide-offline-rag,"Related domain skill text exists, but it lacks the supplied formal contract and coordinate-level routing/certification evidence.",TRIAGE_ONLY_NOT_CERTIFIED
privacy-local-error-handling,privacy-local,error-handling,high,PROPOSED_RECONCILE,PARTIALLY_SATISFIED,aide-offline-agent-loop,"Related domain skill text exists, but it lacks the supplied formal contract and coordinate-level routing/certification evidence.",TRIAGE_ONLY_NOT_CERTIFIED
privacy-local-edge-cases,privacy-local,edge-cases,high,PROPOSED_RECONCILE,PARTIALLY_SATISFIED,aide-offline-agent-loop,"Related domain skill text exists, but it lacks the supplied formal contract and coordinate-level routing/certification evidence.",TRIAGE_ONLY_NOT_CERTIFIED
privacy-local-security-review,privacy-local,security-review,high,PROPOSED_RECONCILE,SOP_GOVERNED,aide-security-hardening;aide-supply-chain-audit;developer-way,Govern this cross-cutting procedure once through the named SOP family; add domain-specific checks only where evidence requires them.,TRIAGE_ONLY_NOT_CERTIFIED
privacy-local-privacy-review,privacy-local,privacy-review,high,PROPOSED_RECONCILE,SOP_GOVERNED,covert-context-control;aide-offline-agent-loop;aide-secrets-handling-protocol;developer-way,Govern this cross-cutting procedure once through the named SOP family; add domain-specific checks only where evidence requires them.,TRIAGE_ONLY_NOT_CERTIFIED
privacy-local-accessibility-review,privacy-local,accessibility-review,high,PROPOSED_RECONCILE,MISSING_HIGH_VALUE,aide-offline-agent-loop;aide-offline-rag;aide-secrets-handling-protocol;aide-security-hardening;covert-context-control,No operation-specific match was found in the curated domain skill family; prioritize because the catalog marks it high risk or the domain is on the current software-product/release path.,TRIAGE_ONLY_NOT_CERTIFIED
privacy-local-performance-budget,privacy-local,performance-budget,high,PROPOSED_RECONCILE,MISSING_HIGH_VALUE,aide-offline-agent-loop;aide-offline-rag;aide-secrets-handling-protocol;aide-security-hardening;covert-context-control,No operation-specific match was found in the curated domain skill family; prioritize because the catalog marks it high risk or the domain is on the current software-product/release path.,TRIAGE_ONLY_NOT_CERTIFIED
privacy-local-performance-profile,privacy-local,performance-profile,high,PROPOSED_RECONCILE,PARTIALLY_SATISFIED,aide-offline-agent-loop,"Related domain skill text exists, but it lacks the supplied formal contract and coordinate-level routing/certification evidence.",TRIAGE_ONLY_NOT_CERTIFIED
privacy-local-unit-verification,privacy-local,unit-verification,high,PROPOSED_RECONCILE,NOT_APPROPRIATE_AS_SKILL,aide-task-verification-battery;aide-veritas-layer;aide-pre-push-gate,This is a deterministic verification/evidence outcome; expose the gate in a workflow and record its result instead of relying on prompt instructions.,TRIAGE_ONLY_NOT_CERTIFIED
privacy-local-integration-verification,privacy-local,integration-verification,high,PROPOSED_RECONCILE,NOT_APPROPRIATE_AS_SKILL,aide-task-verification-battery;aide-veritas-layer;aide-pre-push-gate,This is a deterministic verification/evidence outcome; expose the gate in a workflow and record its result instead of relying on prompt instructions.,TRIAGE_ONLY_NOT_CERTIFIED
privacy-local-e2e-verification,privacy-local,e2e-verification,high,PROPOSED_RECONCILE,NOT_APPROPRIATE_AS_SKILL,aide-task-verification-battery;aide-veritas-layer;aide-pre-push-gate,This is a deterministic verification/evidence outcome; expose the gate in a workflow and record its result instead of relying on prompt instructions.,TRIAGE_ONLY_NOT_CERTIFIED
privacy-local-negative-testing,privacy-local,negative-testing,high,PROPOSED_RECONCILE,MISSING_HIGH_VALUE,aide-offline-agent-loop;aide-offline-rag;aide-secrets-handling-protocol;aide-security-hardening;covert-context-control,No operation-specific match was found in the curated domain skill family; prioritize because the catalog marks it high risk or the domain is on the current software-product/release path.,TRIAGE_ONLY_NOT_CERTIFIED
privacy-local-fault-injection,privacy-local,fault-injection,high,PROPOSED_RECONCILE,MISSING_HIGH_VALUE,aide-offline-agent-loop;aide-offline-rag;aide-secrets-handling-protocol;aide-security-hardening;covert-context-control,No operation-specific match was found in the curated domain skill family; prioritize because the catalog marks it high risk or the domain is on the current software-product/release path.,TRIAGE_ONLY_NOT_CERTIFIED
privacy-local-cross-platform-check,privacy-local,cross-platform-check,high,PROPOSED_RECONCILE,WORKFLOW_COMPOSITION,aide-offline-agent-loop;aide-offline-rag;aide-secrets-handling-protocol;aide-security-hardening;covert-context-control;aide-agent-workflow-sop;aide-autonomous-workflow;aide-master-roadmap,"Compose this multi-step activity in a curated workflow/pack. Existing workbench flows are adjacent composition examples, not proof this target-domain workflow exists.",TRIAGE_ONLY_NOT_CERTIFIED
privacy-local-offline-check,privacy-local,offline-check,high,PROPOSED_RECONCILE,WORKFLOW_COMPOSITION,aide-offline-agent-loop;aide-offline-rag;aide-secrets-handling-protocol;aide-security-hardening;covert-context-control;aide-agent-workflow-sop;aide-autonomous-workflow;aide-master-roadmap,"Compose this multi-step activity in a curated workflow/pack. Existing workbench flows are adjacent composition examples, not proof this target-domain workflow exists.",TRIAGE_ONLY_NOT_CERTIFIED
privacy-local-restart-recovery,privacy-local,restart-recovery,high,PROPOSED_RECONCILE,WORKFLOW_COMPOSITION,aide-offline-agent-loop;aide-offline-rag;aide-secrets-handling-protocol;aide-security-hardening;covert-context-control;aide-agent-workflow-sop;aide-autonomous-workflow;aide-master-roadmap,"Compose this multi-step activity in a curated workflow/pack. Existing workbench flows are adjacent composition examples, not proof this target-domain workflow exists.",TRIAGE_ONLY_NOT_CERTIFIED
privacy-local-observability,privacy-local,observability,high,PROPOSED_RECONCILE,MISSING_HIGH_VALUE,aide-offline-agent-loop;aide-offline-rag;aide-secrets-handling-protocol;aide-security-hardening;covert-context-control,No operation-specific match was found in the curated domain skill family; prioritize because the catalog marks it high risk or the domain is on the current software-product/release path.,TRIAGE_ONLY_NOT_CERTIFIED
privacy-local-logging-diagnostics,privacy-local,logging-diagnostics,high,PROPOSED_RECONCILE,PARTIALLY_SATISFIED,aide-offline-agent-loop;aide-security-hardening,"Related domain skill text exists, but it lacks the supplied formal contract and coordinate-level routing/certification evidence.",TRIAGE_ONLY_NOT_CERTIFIED
privacy-local-documentation,privacy-local,documentation,high,PROPOSED_RECONCILE,PARTIALLY_SATISFIED,aide-offline-agent-loop;aide-offline-rag;covert-context-control,"Related domain skill text exists, but it lacks the supplied formal contract and coordinate-level routing/certification evidence.",TRIAGE_ONLY_NOT_CERTIFIED
privacy-local-operator-runbook,privacy-local,operator-runbook,high,PROPOSED_RECONCILE,SOP_GOVERNED,agent-notes;aide-aide-stack-launch-and-recover;developer-way,Govern this cross-cutting procedure once through the named SOP family; add domain-specific checks only where evidence requires them.,TRIAGE_ONLY_NOT_CERTIFIED
privacy-local-code-review,privacy-local,code-review,high,PROPOSED_RECONCILE,SOP_GOVERNED,aide-release-engineering;aide-arch-test-fixes;aide-pre-push-gate;developer-way,Govern this cross-cutting procedure once through the named SOP family; add domain-specific checks only where evidence requires them.,TRIAGE_ONLY_NOT_CERTIFIED
privacy-local-regression-analysis,privacy-local,regression-analysis,high,PROPOSED_RECONCILE,SOP_GOVERNED,aide-arch-test-fixes;aide-task-verification-battery;developer-way,Govern this cross-cutting procedure once through the named SOP family; add domain-specific checks only where evidence requires them.,TRIAGE_ONLY_NOT_CERTIFIED
privacy-local-root-cause-repair,privacy-local,root-cause-repair,high,PROPOSED_RECONCILE,SOP_GOVERNED,aide-debugging-discipline;aide-unified-diff-repair;ask-dont-circle;developer-way,Govern this cross-cutting procedure once through the named SOP family; add domain-specific checks only where evidence requires them.,TRIAGE_ONLY_NOT_CERTIFIED
privacy-local-dependency-audit,privacy-local,dependency-audit,high,PROPOSED_RECONCILE,SOP_GOVERNED,aide-supply-chain-audit;aide-arch-packaging-release;aide-ci-diagnostics,Govern this cross-cutting procedure once through the named SOP family; add domain-specific checks only where evidence requires them.,TRIAGE_ONLY_NOT_CERTIFIED
privacy-local-release-readiness,privacy-local,release-readiness,high,PROPOSED_RECONCILE,WORKFLOW_COMPOSITION,aide-offline-agent-loop;aide-offline-rag;aide-secrets-handling-protocol;aide-security-hardening;covert-context-control;aide-agent-workflow-sop;aide-autonomous-workflow;aide-master-roadmap,"Compose this multi-step activity in a curated workflow/pack. Existing workbench flows are adjacent composition examples, not proof this target-domain workflow exists.",TRIAGE_ONLY_NOT_CERTIFIED
privacy-local-evidence-capture,privacy-local,evidence-capture,high,PROPOSED_RECONCILE,NOT_APPROPRIATE_AS_SKILL,aide-task-verification-battery;aide-veritas-layer;aide-pre-push-gate,This is a deterministic verification/evidence outcome; expose the gate in a workflow and record its result instead of relying on prompt instructions.,TRIAGE_ONLY_NOT_CERTIFIED
privacy-local-post-acceptance-monitoring,privacy-local,post-acceptance-monitoring,high,PROPOSED_RECONCILE,WORKFLOW_COMPOSITION,aide-offline-agent-loop;aide-offline-rag;aide-secrets-handling-protocol;aide-security-hardening;covert-context-control;aide-agent-workflow-sop;aide-autonomous-workflow;aide-master-roadmap,"Compose this multi-step activity in a curated workflow/pack. Existing workbench flows are adjacent composition examples, not proof this target-domain workflow exists.",TRIAGE_ONLY_NOT_CERTIFIED
privacy-local-maintenance-upgrade,privacy-local,maintenance-upgrade,high,PROPOSED_RECONCILE,WORKFLOW_COMPOSITION,aide-offline-agent-loop;aide-offline-rag;aide-secrets-handling-protocol;aide-security-hardening;covert-context-control;aide-agent-workflow-sop;aide-autonomous-workflow;aide-master-roadmap,"Compose this multi-step activity in a curated workflow/pack. Existing workbench flows are adjacent composition examples, not proof this target-domain workflow exists.",TRIAGE_ONLY_NOT_CERTIFIED
reliability-requirements-discovery,reliability,requirements-discovery,medium,PROPOSED_RECONCILE,WORKFLOW_COMPOSITION,aide-resilience-orchestrator;aide-session-resilience;aide-closed-loop-wiring;aide-veritas-layer;aide-agent-workflow-sop;aide-autonomous-workflow;aide-master-roadmap,"Compose this multi-step activity in a curated workflow/pack. Existing workbench flows are adjacent composition examples, not proof this target-domain workflow exists.",TRIAGE_ONLY_NOT_CERTIFIED
reliability-environment-inspection,reliability,environment-inspection,medium,PROPOSED_RECONCILE,WORKFLOW_COMPOSITION,aide-resilience-orchestrator;aide-session-resilience;aide-closed-loop-wiring;aide-veritas-layer;aide-agent-workflow-sop;aide-autonomous-workflow;aide-master-roadmap,"Compose this multi-step activity in a curated workflow/pack. Existing workbench flows are adjacent composition examples, not proof this target-domain workflow exists.",TRIAGE_ONLY_NOT_CERTIFIED
reliability-reference-research,reliability,reference-research,medium,PROPOSED_RECONCILE,WORKFLOW_COMPOSITION,aide-resilience-orchestrator;aide-session-resilience;aide-closed-loop-wiring;aide-veritas-layer;aide-agent-workflow-sop;aide-autonomous-workflow;aide-master-roadmap,"Compose this multi-step activity in a curated workflow/pack. Existing workbench flows are adjacent composition examples, not proof this target-domain workflow exists.",TRIAGE_ONLY_NOT_CERTIFIED
reliability-architecture-plan,reliability,architecture-plan,medium,PROPOSED_RECONCILE,WORKFLOW_COMPOSITION,aide-resilience-orchestrator;aide-session-resilience;aide-closed-loop-wiring;aide-veritas-layer;aide-agent-workflow-sop;aide-autonomous-workflow;aide-master-roadmap,"Compose this multi-step activity in a curated workflow/pack. Existing workbench flows are adjacent composition examples, not proof this target-domain workflow exists.",TRIAGE_ONLY_NOT_CERTIFIED
reliability-interface-contract,reliability,interface-contract,medium,PROPOSED_RECONCILE,PARTIALLY_SATISFIED,aide-resilience-orchestrator;aide-closed-loop-wiring;aide-veritas-layer,"Related domain skill text exists, but it lacks the supplied formal contract and coordinate-level routing/certification evidence.",TRIAGE_ONLY_NOT_CERTIFIED
reliability-data-contract,reliability,data-contract,medium,PROPOSED_RECONCILE,MISSING_HIGH_VALUE,aide-resilience-orchestrator;aide-session-resilience;aide-closed-loop-wiring;aide-veritas-layer,No operation-specific match was found in the curated domain skill family; prioritize because the catalog marks it high risk or the domain is on the current software-product/release path.,TRIAGE_ONLY_NOT_CERTIFIED
reliability-implementation-plan,reliability,implementation-plan,medium,PROPOSED_RECONCILE,WORKFLOW_COMPOSITION,aide-resilience-orchestrator;aide-session-resilience;aide-closed-loop-wiring;aide-veritas-layer;aide-agent-workflow-sop;aide-autonomous-workflow;aide-master-roadmap,"Compose this multi-step activity in a curated workflow/pack. Existing workbench flows are adjacent composition examples, not proof this target-domain workflow exists.",TRIAGE_ONLY_NOT_CERTIFIED
reliability-prototype,reliability,prototype,medium,PROPOSED_RECONCILE,WORKFLOW_COMPOSITION,aide-resilience-orchestrator;aide-session-resilience;aide-closed-loop-wiring;aide-veritas-layer;aide-agent-workflow-sop;aide-autonomous-workflow;aide-master-roadmap,"Compose this multi-step activity in a curated workflow/pack. Existing workbench flows are adjacent composition examples, not proof this target-domain workflow exists.",TRIAGE_ONLY_NOT_CERTIFIED
reliability-implementation,reliability,implementation,medium,PROPOSED_RECONCILE,WORKFLOW_COMPOSITION,aide-resilience-orchestrator;aide-session-resilience;aide-closed-loop-wiring;aide-veritas-layer;aide-agent-workflow-sop;aide-autonomous-workflow;aide-master-roadmap,"Compose this multi-step activity in a curated workflow/pack. Existing workbench flows are adjacent composition examples, not proof this target-domain workflow exists.",TRIAGE_ONLY_NOT_CERTIFIED
reliability-integration,reliability,integration,medium,PROPOSED_RECONCILE,WORKFLOW_COMPOSITION,aide-resilience-orchestrator;aide-session-resilience;aide-closed-loop-wiring;aide-veritas-layer;aide-agent-workflow-sop;aide-autonomous-workflow;aide-master-roadmap,"Compose this multi-step activity in a curated workflow/pack. Existing workbench flows are adjacent composition examples, not proof this target-domain workflow exists.",TRIAGE_ONLY_NOT_CERTIFIED
reliability-configuration,reliability,configuration,medium,PROPOSED_RECONCILE,WORKFLOW_COMPOSITION,aide-resilience-orchestrator;aide-session-resilience;aide-closed-loop-wiring;aide-veritas-layer;aide-agent-workflow-sop;aide-autonomous-workflow;aide-master-roadmap,"Compose this multi-step activity in a curated workflow/pack. Existing workbench flows are adjacent composition examples, not proof this target-domain workflow exists.",TRIAGE_ONLY_NOT_CERTIFIED
reliability-migration,reliability,migration,medium,PROPOSED_RECONCILE,WORKFLOW_COMPOSITION,aide-resilience-orchestrator;aide-session-resilience;aide-closed-loop-wiring;aide-veritas-layer;aide-agent-workflow-sop;aide-autonomous-workflow;aide-master-roadmap,"Compose this multi-step activity in a curated workflow/pack. Existing workbench flows are adjacent composition examples, not proof this target-domain workflow exists.",TRIAGE_ONLY_NOT_CERTIFIED
reliability-compatibility,reliability,compatibility,medium,PROPOSED_RECONCILE,PARTIALLY_SATISFIED,aide-closed-loop-wiring,"Related domain skill text exists, but it lacks the supplied formal contract and coordinate-level routing/certification evidence.",TRIAGE_ONLY_NOT_CERTIFIED
reliability-error-handling,reliability,error-handling,medium,PROPOSED_RECONCILE,PARTIALLY_SATISFIED,aide-closed-loop-wiring;aide-veritas-layer,"Related domain skill text exists, but it lacks the supplied formal contract and coordinate-level routing/certification evidence.",TRIAGE_ONLY_NOT_CERTIFIED
reliability-edge-cases,reliability,edge-cases,medium,PROPOSED_RECONCILE,MISSING_HIGH_VALUE,aide-resilience-orchestrator;aide-session-resilience;aide-closed-loop-wiring;aide-veritas-layer,No operation-specific match was found in the curated domain skill family; prioritize because the catalog marks it high risk or the domain is on the current software-product/release path.,TRIAGE_ONLY_NOT_CERTIFIED
reliability-security-review,reliability,security-review,high,PROPOSED_RECONCILE,SOP_GOVERNED,aide-security-hardening;aide-supply-chain-audit;developer-way,Govern this cross-cutting procedure once through the named SOP family; add domain-specific checks only where evidence requires them.,TRIAGE_ONLY_NOT_CERTIFIED
reliability-privacy-review,reliability,privacy-review,medium,PROPOSED_RECONCILE,SOP_GOVERNED,covert-context-control;aide-offline-agent-loop;aide-secrets-handling-protocol;developer-way,Govern this cross-cutting procedure once through the named SOP family; add domain-specific checks only where evidence requires them.,TRIAGE_ONLY_NOT_CERTIFIED
reliability-accessibility-review,reliability,accessibility-review,medium,PROPOSED_RECONCILE,MISSING_HIGH_VALUE,aide-resilience-orchestrator;aide-session-resilience;aide-closed-loop-wiring;aide-veritas-layer,No operation-specific match was found in the curated domain skill family; prioritize because the catalog marks it high risk or the domain is on the current software-product/release path.,TRIAGE_ONLY_NOT_CERTIFIED
reliability-performance-budget,reliability,performance-budget,medium,PROPOSED_RECONCILE,MISSING_HIGH_VALUE,aide-resilience-orchestrator;aide-session-resilience;aide-closed-loop-wiring;aide-veritas-layer,No operation-specific match was found in the curated domain skill family; prioritize because the catalog marks it high risk or the domain is on the current software-product/release path.,TRIAGE_ONLY_NOT_CERTIFIED
reliability-performance-profile,reliability,performance-profile,medium,PROPOSED_RECONCILE,MISSING_HIGH_VALUE,aide-resilience-orchestrator;aide-session-resilience;aide-closed-loop-wiring;aide-veritas-layer,No operation-specific match was found in the curated domain skill family; prioritize because the catalog marks it high risk or the domain is on the current software-product/release path.,TRIAGE_ONLY_NOT_CERTIFIED
reliability-unit-verification,reliability,unit-verification,medium,PROPOSED_RECONCILE,NOT_APPROPRIATE_AS_SKILL,aide-task-verification-battery;aide-veritas-layer;aide-pre-push-gate,This is a deterministic verification/evidence outcome; expose the gate in a workflow and record its result instead of relying on prompt instructions.,TRIAGE_ONLY_NOT_CERTIFIED
reliability-integration-verification,reliability,integration-verification,medium,PROPOSED_RECONCILE,NOT_APPROPRIATE_AS_SKILL,aide-task-verification-battery;aide-veritas-layer;aide-pre-push-gate,This is a deterministic verification/evidence outcome; expose the gate in a workflow and record its result instead of relying on prompt instructions.,TRIAGE_ONLY_NOT_CERTIFIED
reliability-e2e-verification,reliability,e2e-verification,medium,PROPOSED_RECONCILE,NOT_APPROPRIATE_AS_SKILL,aide-task-verification-battery;aide-veritas-layer;aide-pre-push-gate,This is a deterministic verification/evidence outcome; expose the gate in a workflow and record its result instead of relying on prompt instructions.,TRIAGE_ONLY_NOT_CERTIFIED
reliability-negative-testing,reliability,negative-testing,medium,PROPOSED_RECONCILE,MISSING_HIGH_VALUE,aide-resilience-orchestrator;aide-session-resilience;aide-closed-loop-wiring;aide-veritas-layer,No operation-specific match was found in the curated domain skill family; prioritize because the catalog marks it high risk or the domain is on the current software-product/release path.,TRIAGE_ONLY_NOT_CERTIFIED
reliability-fault-injection,reliability,fault-injection,medium,PROPOSED_RECONCILE,MISSING_HIGH_VALUE,aide-resilience-orchestrator;aide-session-resilience;aide-closed-loop-wiring;aide-veritas-layer,No operation-specific match was found in the curated domain skill family; prioritize because the catalog marks it high risk or the domain is on the current software-product/release path.,TRIAGE_ONLY_NOT_CERTIFIED
reliability-cross-platform-check,reliability,cross-platform-check,medium,PROPOSED_RECONCILE,WORKFLOW_COMPOSITION,aide-resilience-orchestrator;aide-session-resilience;aide-closed-loop-wiring;aide-veritas-layer;aide-agent-workflow-sop;aide-autonomous-workflow;aide-master-roadmap,"Compose this multi-step activity in a curated workflow/pack. Existing workbench flows are adjacent composition examples, not proof this target-domain workflow exists.",TRIAGE_ONLY_NOT_CERTIFIED
reliability-offline-check,reliability,offline-check,medium,PROPOSED_RECONCILE,WORKFLOW_COMPOSITION,aide-resilience-orchestrator;aide-session-resilience;aide-closed-loop-wiring;aide-veritas-layer;aide-agent-workflow-sop;aide-autonomous-workflow;aide-master-roadmap,"Compose this multi-step activity in a curated workflow/pack. Existing workbench flows are adjacent composition examples, not proof this target-domain workflow exists.",TRIAGE_ONLY_NOT_CERTIFIED
reliability-restart-recovery,reliability,restart-recovery,medium,PROPOSED_RECONCILE,WORKFLOW_COMPOSITION,aide-resilience-orchestrator;aide-session-resilience;aide-closed-loop-wiring;aide-veritas-layer;aide-agent-workflow-sop;aide-autonomous-workflow;aide-master-roadmap,"Compose this multi-step activity in a curated workflow/pack. Existing workbench flows are adjacent composition examples, not proof this target-domain workflow exists.",TRIAGE_ONLY_NOT_CERTIFIED
reliability-observability,reliability,observability,medium,PROPOSED_RECONCILE,PARTIALLY_SATISFIED,aide-veritas-layer,"Related domain skill text exists, but it lacks the supplied formal contract and coordinate-level routing/certification evidence.",TRIAGE_ONLY_NOT_CERTIFIED
reliability-logging-diagnostics,reliability,logging-diagnostics,medium,PROPOSED_RECONCILE,PARTIALLY_SATISFIED,aide-resilience-orchestrator;aide-veritas-layer,"Related domain skill text exists, but it lacks the supplied formal contract and coordinate-level routing/certification evidence.",TRIAGE_ONLY_NOT_CERTIFIED
reliability-documentation,reliability,documentation,medium,PROPOSED_RECONCILE,MISSING_HIGH_VALUE,aide-resilience-orchestrator;aide-session-resilience;aide-closed-loop-wiring;aide-veritas-layer,No operation-specific match was found in the curated domain skill family; prioritize because the catalog marks it high risk or the domain is on the current software-product/release path.,TRIAGE_ONLY_NOT_CERTIFIED
reliability-operator-runbook,reliability,operator-runbook,medium,PROPOSED_RECONCILE,SOP_GOVERNED,agent-notes;aide-aide-stack-launch-and-recover;developer-way,Govern this cross-cutting procedure once through the named SOP family; add domain-specific checks only where evidence requires them.,TRIAGE_ONLY_NOT_CERTIFIED
reliability-code-review,reliability,code-review,medium,PROPOSED_RECONCILE,SOP_GOVERNED,aide-release-engineering;aide-arch-test-fixes;aide-pre-push-gate;developer-way,Govern this cross-cutting procedure once through the named SOP family; add domain-specific checks only where evidence requires them.,TRIAGE_ONLY_NOT_CERTIFIED
reliability-regression-analysis,reliability,regression-analysis,medium,PROPOSED_RECONCILE,SOP_GOVERNED,aide-arch-test-fixes;aide-task-verification-battery;developer-way,Govern this cross-cutting procedure once through the named SOP family; add domain-specific checks only where evidence requires them.,TRIAGE_ONLY_NOT_CERTIFIED
reliability-root-cause-repair,reliability,root-cause-repair,medium,PROPOSED_RECONCILE,SOP_GOVERNED,aide-debugging-discipline;aide-unified-diff-repair;ask-dont-circle;developer-way,Govern this cross-cutting procedure once through the named SOP family; add domain-specific checks only where evidence requires them.,TRIAGE_ONLY_NOT_CERTIFIED
reliability-dependency-audit,reliability,dependency-audit,medium,PROPOSED_RECONCILE,SOP_GOVERNED,aide-supply-chain-audit;aide-arch-packaging-release;aide-ci-diagnostics,Govern this cross-cutting procedure once through the named SOP family; add domain-specific checks only where evidence requires them.,TRIAGE_ONLY_NOT_CERTIFIED
reliability-release-readiness,reliability,release-readiness,high,PROPOSED_RECONCILE,WORKFLOW_COMPOSITION,aide-resilience-orchestrator;aide-session-resilience;aide-closed-loop-wiring;aide-veritas-layer;aide-agent-workflow-sop;aide-autonomous-workflow;aide-master-roadmap,"Compose this multi-step activity in a curated workflow/pack. Existing workbench flows are adjacent composition examples, not proof this target-domain workflow exists.",TRIAGE_ONLY_NOT_CERTIFIED
reliability-evidence-capture,reliability,evidence-capture,medium,PROPOSED_RECONCILE,NOT_APPROPRIATE_AS_SKILL,aide-task-verification-battery;aide-veritas-layer;aide-pre-push-gate,This is a deterministic verification/evidence outcome; expose the gate in a workflow and record its result instead of relying on prompt instructions.,TRIAGE_ONLY_NOT_CERTIFIED
reliability-post-acceptance-monitoring,reliability,post-acceptance-monitoring,medium,PROPOSED_RECONCILE,WORKFLOW_COMPOSITION,aide-resilience-orchestrator;aide-session-resilience;aide-closed-loop-wiring;aide-veritas-layer;aide-agent-workflow-sop;aide-autonomous-workflow;aide-master-roadmap,"Compose this multi-step activity in a curated workflow/pack. Existing workbench flows are adjacent composition examples, not proof this target-domain workflow exists.",TRIAGE_ONLY_NOT_CERTIFIED
reliability-maintenance-upgrade,reliability,maintenance-upgrade,medium,PROPOSED_RECONCILE,WORKFLOW_COMPOSITION,aide-resilience-orchestrator;aide-session-resilience;aide-closed-loop-wiring;aide-veritas-layer;aide-agent-workflow-sop;aide-autonomous-workflow;aide-master-roadmap,"Compose this multi-step activity in a curated workflow/pack. Existing workbench flows are adjacent composition examples, not proof this target-domain workflow exists.",TRIAGE_ONLY_NOT_CERTIFIED
release-engineering-requirements-discovery,release-engineering,requirements-discovery,high,PROPOSED_RECONCILE,WORKFLOW_COMPOSITION,aide-release-engineering;aide-pre-push-gate;aide-production-cutover;aide-packaging-offline;aide-production-readiness-plan;aide-agent-workflow-sop;aide-autonomous-workflow;aide-master-roadmap,"Compose this multi-step activity in a curated workflow/pack. Existing workbench flows are adjacent composition examples, not proof this target-domain workflow exists.",TRIAGE_ONLY_NOT_CERTIFIED
release-engineering-environment-inspection,release-engineering,environment-inspection,high,PROPOSED_RECONCILE,WORKFLOW_COMPOSITION,aide-release-engineering;aide-pre-push-gate;aide-production-cutover;aide-packaging-offline;aide-production-readiness-plan;aide-agent-workflow-sop;aide-autonomous-workflow;aide-master-roadmap,"Compose this multi-step activity in a curated workflow/pack. Existing workbench flows are adjacent composition examples, not proof this target-domain workflow exists.",TRIAGE_ONLY_NOT_CERTIFIED
release-engineering-reference-research,release-engineering,reference-research,high,PROPOSED_RECONCILE,WORKFLOW_COMPOSITION,aide-release-engineering;aide-pre-push-gate;aide-production-cutover;aide-packaging-offline;aide-production-readiness-plan;aide-agent-workflow-sop;aide-autonomous-workflow;aide-master-roadmap,"Compose this multi-step activity in a curated workflow/pack. Existing workbench flows are adjacent composition examples, not proof this target-domain workflow exists.",TRIAGE_ONLY_NOT_CERTIFIED
release-engineering-architecture-plan,release-engineering,architecture-plan,high,PROPOSED_RECONCILE,WORKFLOW_COMPOSITION,aide-release-engineering;aide-pre-push-gate;aide-production-cutover;aide-packaging-offline;aide-production-readiness-plan;aide-agent-workflow-sop;aide-autonomous-workflow;aide-master-roadmap,"Compose this multi-step activity in a curated workflow/pack. Existing workbench flows are adjacent composition examples, not proof this target-domain workflow exists.",TRIAGE_ONLY_NOT_CERTIFIED
release-engineering-interface-contract,release-engineering,interface-contract,high,PROPOSED_RECONCILE,PARTIALLY_SATISFIED,aide-production-cutover;aide-production-readiness-plan,"Related domain skill text exists, but it lacks the supplied formal contract and coordinate-level routing/certification evidence.",TRIAGE_ONLY_NOT_CERTIFIED
release-engineering-data-contract,release-engineering,data-contract,high,PROPOSED_RECONCILE,PARTIALLY_SATISFIED,aide-production-readiness-plan,"Related domain skill text exists, but it lacks the supplied formal contract and coordinate-level routing/certification evidence.",TRIAGE_ONLY_NOT_CERTIFIED
release-engineering-implementation-plan,release-engineering,implementation-plan,high,PROPOSED_RECONCILE,WORKFLOW_COMPOSITION,aide-release-engineering;aide-pre-push-gate;aide-production-cutover;aide-packaging-offline;aide-production-readiness-plan;aide-agent-workflow-sop;aide-autonomous-workflow;aide-master-roadmap,"Compose this multi-step activity in a curated workflow/pack. Existing workbench flows are adjacent composition examples, not proof this target-domain workflow exists.",TRIAGE_ONLY_NOT_CERTIFIED
release-engineering-prototype,release-engineering,prototype,high,PROPOSED_RECONCILE,WORKFLOW_COMPOSITION,aide-release-engineering;aide-pre-push-gate;aide-production-cutover;aide-packaging-offline;aide-production-readiness-plan;aide-agent-workflow-sop;aide-autonomous-workflow;aide-master-roadmap,"Compose this multi-step activity in a curated workflow/pack. Existing workbench flows are adjacent composition examples, not proof this target-domain workflow exists.",TRIAGE_ONLY_NOT_CERTIFIED
release-engineering-implementation,release-engineering,implementation,high,PROPOSED_RECONCILE,WORKFLOW_COMPOSITION,aide-release-engineering;aide-pre-push-gate;aide-production-cutover;aide-packaging-offline;aide-production-readiness-plan;aide-agent-workflow-sop;aide-autonomous-workflow;aide-master-roadmap,"Compose this multi-step activity in a curated workflow/pack. Existing workbench flows are adjacent composition examples, not proof this target-domain workflow exists.",TRIAGE_ONLY_NOT_CERTIFIED
release-engineering-integration,release-engineering,integration,high,PROPOSED_RECONCILE,WORKFLOW_COMPOSITION,aide-release-engineering;aide-pre-push-gate;aide-production-cutover;aide-packaging-offline;aide-production-readiness-plan;aide-agent-workflow-sop;aide-autonomous-workflow;aide-master-roadmap,"Compose this multi-step activity in a curated workflow/pack. Existing workbench flows are adjacent composition examples, not proof this target-domain workflow exists.",TRIAGE_ONLY_NOT_CERTIFIED
release-engineering-configuration,release-engineering,configuration,high,PROPOSED_RECONCILE,WORKFLOW_COMPOSITION,aide-release-engineering;aide-pre-push-gate;aide-production-cutover;aide-packaging-offline;aide-production-readiness-plan;aide-agent-workflow-sop;aide-autonomous-workflow;aide-master-roadmap,"Compose this multi-step activity in a curated workflow/pack. Existing workbench flows are adjacent composition examples, not proof this target-domain workflow exists.",TRIAGE_ONLY_NOT_CERTIFIED
release-engineering-migration,release-engineering,migration,high,PROPOSED_RECONCILE,WORKFLOW_COMPOSITION,aide-release-engineering;aide-pre-push-gate;aide-production-cutover;aide-packaging-offline;aide-production-readiness-plan;aide-agent-workflow-sop;aide-autonomous-workflow;aide-master-roadmap,"Compose this multi-step activity in a curated workflow/pack. Existing workbench flows are adjacent composition examples, not proof this target-domain workflow exists.",TRIAGE_ONLY_NOT_CERTIFIED
release-engineering-compatibility,release-engineering,compatibility,high,PROPOSED_RECONCILE,PARTIALLY_SATISFIED,aide-production-cutover;aide-packaging-offline;aide-production-readiness-plan,"Related domain skill text exists, but it lacks the supplied formal contract and coordinate-level routing/certification evidence.",TRIAGE_ONLY_NOT_CERTIFIED
release-engineering-error-handling,release-engineering,error-handling,high,PROPOSED_RECONCILE,PARTIALLY_SATISFIED,aide-release-engineering;aide-pre-push-gate;aide-production-cutover;aide-packaging-offline;aide-production-readiness-plan,"Related domain skill text exists, but it lacks the supplied formal contract and coordinate-level routing/certification evidence.",TRIAGE_ONLY_NOT_CERTIFIED
release-engineering-edge-cases,release-engineering,edge-cases,high,PROPOSED_RECONCILE,MISSING_HIGH_VALUE,aide-release-engineering;aide-pre-push-gate;aide-production-cutover;aide-packaging-offline;aide-production-readiness-plan,No operation-specific match was found in the curated domain skill family; prioritize because the catalog marks it high risk or the domain is on the current software-product/release path.,TRIAGE_ONLY_NOT_CERTIFIED
release-engineering-security-review,release-engineering,security-review,high,PROPOSED_RECONCILE,SOP_GOVERNED,aide-security-hardening;aide-supply-chain-audit;developer-way,Govern this cross-cutting procedure once through the named SOP family; add domain-specific checks only where evidence requires them.,TRIAGE_ONLY_NOT_CERTIFIED
release-engineering-privacy-review,release-engineering,privacy-review,high,PROPOSED_RECONCILE,SOP_GOVERNED,covert-context-control;aide-offline-agent-loop;aide-secrets-handling-protocol;developer-way,Govern this cross-cutting procedure once through the named SOP family; add domain-specific checks only where evidence requires them.,TRIAGE_ONLY_NOT_CERTIFIED
release-engineering-accessibility-review,release-engineering,accessibility-review,high,PROPOSED_RECONCILE,PARTIALLY_SATISFIED,aide-release-engineering,"Related domain skill text exists, but it lacks the supplied formal contract and coordinate-level routing/certification evidence.",TRIAGE_ONLY_NOT_CERTIFIED
release-engineering-performance-budget,release-engineering,performance-budget,high,PROPOSED_RECONCILE,PARTIALLY_SATISFIED,aide-production-readiness-plan,"Related domain skill text exists, but it lacks the supplied formal contract and coordinate-level routing/certification evidence.",TRIAGE_ONLY_NOT_CERTIFIED
release-engineering-performance-profile,release-engineering,performance-profile,high,PROPOSED_RECONCILE,PARTIALLY_SATISFIED,aide-release-engineering,"Related domain skill text exists, but it lacks the supplied formal contract and coordinate-level routing/certification evidence.",TRIAGE_ONLY_NOT_CERTIFIED
release-engineering-unit-verification,release-engineering,unit-verification,high,PROPOSED_RECONCILE,NOT_APPROPRIATE_AS_SKILL,aide-task-verification-battery;aide-veritas-layer;aide-pre-push-gate,This is a deterministic verification/evidence outcome; expose the gate in a workflow and record its result instead of relying on prompt instructions.,TRIAGE_ONLY_NOT_CERTIFIED
release-engineering-integration-verification,release-engineering,integration-verification,high,PROPOSED_RECONCILE,NOT_APPROPRIATE_AS_SKILL,aide-task-verification-battery;aide-veritas-layer;aide-pre-push-gate,This is a deterministic verification/evidence outcome; expose the gate in a workflow and record its result instead of relying on prompt instructions.,TRIAGE_ONLY_NOT_CERTIFIED
release-engineering-e2e-verification,release-engineering,e2e-verification,high,PROPOSED_RECONCILE,NOT_APPROPRIATE_AS_SKILL,aide-task-verification-battery;aide-veritas-layer;aide-pre-push-gate,This is a deterministic verification/evidence outcome; expose the gate in a workflow and record its result instead of relying on prompt instructions.,TRIAGE_ONLY_NOT_CERTIFIED
release-engineering-negative-testing,release-engineering,negative-testing,high,PROPOSED_RECONCILE,MISSING_HIGH_VALUE,aide-release-engineering;aide-pre-push-gate;aide-production-cutover;aide-packaging-offline;aide-production-readiness-plan,No operation-specific match was found in the curated domain skill family; prioritize because the catalog marks it high risk or the domain is on the current software-product/release path.,TRIAGE_ONLY_NOT_CERTIFIED
release-engineering-fault-injection,release-engineering,fault-injection,high,PROPOSED_RECONCILE,MISSING_HIGH_VALUE,aide-release-engineering;aide-pre-push-gate;aide-production-cutover;aide-packaging-offline;aide-production-readiness-plan,No operation-specific match was found in the curated domain skill family; prioritize because the catalog marks it high risk or the domain is on the current software-product/release path.,TRIAGE_ONLY_NOT_CERTIFIED
release-engineering-cross-platform-check,release-engineering,cross-platform-check,high,PROPOSED_RECONCILE,WORKFLOW_COMPOSITION,aide-release-engineering;aide-pre-push-gate;aide-production-cutover;aide-packaging-offline;aide-production-readiness-plan;aide-agent-workflow-sop;aide-autonomous-workflow;aide-master-roadmap,"Compose this multi-step activity in a curated workflow/pack. Existing workbench flows are adjacent composition examples, not proof this target-domain workflow exists.",TRIAGE_ONLY_NOT_CERTIFIED
release-engineering-offline-check,release-engineering,offline-check,high,PROPOSED_RECONCILE,WORKFLOW_COMPOSITION,aide-release-engineering;aide-pre-push-gate;aide-production-cutover;aide-packaging-offline;aide-production-readiness-plan;aide-agent-workflow-sop;aide-autonomous-workflow;aide-master-roadmap,"Compose this multi-step activity in a curated workflow/pack. Existing workbench flows are adjacent composition examples, not proof this target-domain workflow exists.",TRIAGE_ONLY_NOT_CERTIFIED
release-engineering-restart-recovery,release-engineering,restart-recovery,high,PROPOSED_RECONCILE,WORKFLOW_COMPOSITION,aide-release-engineering;aide-pre-push-gate;aide-production-cutover;aide-packaging-offline;aide-production-readiness-plan;aide-agent-workflow-sop;aide-autonomous-workflow;aide-master-roadmap,"Compose this multi-step activity in a curated workflow/pack. Existing workbench flows are adjacent composition examples, not proof this target-domain workflow exists.",TRIAGE_ONLY_NOT_CERTIFIED
release-engineering-observability,release-engineering,observability,high,PROPOSED_RECONCILE,PARTIALLY_SATISFIED,aide-release-engineering;aide-packaging-offline,"Related domain skill text exists, but it lacks the supplied formal contract and coordinate-level routing/certification evidence.",TRIAGE_ONLY_NOT_CERTIFIED
release-engineering-logging-diagnostics,release-engineering,logging-diagnostics,high,PROPOSED_RECONCILE,MISSING_HIGH_VALUE,aide-release-engineering;aide-pre-push-gate;aide-production-cutover;aide-packaging-offline;aide-production-readiness-plan,No operation-specific match was found in the curated domain skill family; prioritize because the catalog marks it high risk or the domain is on the current software-product/release path.,TRIAGE_ONLY_NOT_CERTIFIED
release-engineering-documentation,release-engineering,documentation,high,PROPOSED_RECONCILE,PARTIALLY_SATISFIED,aide-release-engineering;aide-production-cutover;aide-packaging-offline;aide-production-readiness-plan,"Related domain skill text exists, but it lacks the supplied formal contract and coordinate-level routing/certification evidence.",TRIAGE_ONLY_NOT_CERTIFIED
release-engineering-operator-runbook,release-engineering,operator-runbook,high,PROPOSED_RECONCILE,SOP_GOVERNED,agent-notes;aide-aide-stack-launch-and-recover;developer-way,Govern this cross-cutting procedure once through the named SOP family; add domain-specific checks only where evidence requires them.,TRIAGE_ONLY_NOT_CERTIFIED
release-engineering-code-review,release-engineering,code-review,high,PROPOSED_RECONCILE,SOP_GOVERNED,aide-release-engineering;aide-arch-test-fixes;aide-pre-push-gate;developer-way,Govern this cross-cutting procedure once through the named SOP family; add domain-specific checks only where evidence requires them.,TRIAGE_ONLY_NOT_CERTIFIED
release-engineering-regression-analysis,release-engineering,regression-analysis,high,PROPOSED_RECONCILE,SOP_GOVERNED,aide-arch-test-fixes;aide-task-verification-battery;developer-way,Govern this cross-cutting procedure once through the named SOP family; add domain-specific checks only where evidence requires them.,TRIAGE_ONLY_NOT_CERTIFIED
release-engineering-root-cause-repair,release-engineering,root-cause-repair,high,PROPOSED_RECONCILE,SOP_GOVERNED,aide-debugging-discipline;aide-unified-diff-repair;ask-dont-circle;developer-way,Govern this cross-cutting procedure once through the named SOP family; add domain-specific checks only where evidence requires them.,TRIAGE_ONLY_NOT_CERTIFIED
release-engineering-dependency-audit,release-engineering,dependency-audit,high,PROPOSED_RECONCILE,SOP_GOVERNED,aide-supply-chain-audit;aide-arch-packaging-release;aide-ci-diagnostics,Govern this cross-cutting procedure once through the named SOP family; add domain-specific checks only where evidence requires them.,TRIAGE_ONLY_NOT_CERTIFIED
release-engineering-release-readiness,release-engineering,release-readiness,high,PROPOSED_RECONCILE,WORKFLOW_COMPOSITION,aide-release-engineering;aide-pre-push-gate;aide-production-cutover;aide-packaging-offline;aide-production-readiness-plan;aide-agent-workflow-sop;aide-autonomous-workflow;aide-master-roadmap,"Compose this multi-step activity in a curated workflow/pack. Existing workbench flows are adjacent composition examples, not proof this target-domain workflow exists.",TRIAGE_ONLY_NOT_CERTIFIED
release-engineering-evidence-capture,release-engineering,evidence-capture,high,PROPOSED_RECONCILE,NOT_APPROPRIATE_AS_SKILL,aide-task-verification-battery;aide-veritas-layer;aide-pre-push-gate,This is a deterministic verification/evidence outcome; expose the gate in a workflow and record its result instead of relying on prompt instructions.,TRIAGE_ONLY_NOT_CERTIFIED
release-engineering-post-acceptance-monitoring,release-engineering,post-acceptance-monitoring,high,PROPOSED_RECONCILE,WORKFLOW_COMPOSITION,aide-release-engineering;aide-pre-push-gate;aide-production-cutover;aide-packaging-offline;aide-production-readiness-plan;aide-agent-workflow-sop;aide-autonomous-workflow;aide-master-roadmap,"Compose this multi-step activity in a curated workflow/pack. Existing workbench flows are adjacent composition examples, not proof this target-domain workflow exists.",TRIAGE_ONLY_NOT_CERTIFIED
release-engineering-maintenance-upgrade,release-engineering,maintenance-upgrade,high,PROPOSED_RECONCILE,WORKFLOW_COMPOSITION,aide-release-engineering;aide-pre-push-gate;aide-production-cutover;aide-packaging-offline;aide-production-readiness-plan;aide-agent-workflow-sop;aide-autonomous-workflow;aide-master-roadmap,"Compose this multi-step activity in a curated workflow/pack. Existing workbench flows are adjacent composition examples, not proof this target-domain workflow exists.",TRIAGE_ONLY_NOT_CERTIFIED
automation-requirements-discovery,automation,requirements-discovery,medium,PROPOSED_RECONCILE,WORKFLOW_COMPOSITION,aide-autonomous-workflow;aide-background-tasks;aide-agent-workflow-sop;aide-advanced-orchestration;aide-build-b3-compound-tasks;aide-master-roadmap,"Compose this multi-step activity in a curated workflow/pack. Existing workbench flows are adjacent composition examples, not proof this target-domain workflow exists.",TRIAGE_ONLY_NOT_CERTIFIED
automation-environment-inspection,automation,environment-inspection,medium,PROPOSED_RECONCILE,WORKFLOW_COMPOSITION,aide-autonomous-workflow;aide-background-tasks;aide-agent-workflow-sop;aide-advanced-orchestration;aide-build-b3-compound-tasks;aide-master-roadmap,"Compose this multi-step activity in a curated workflow/pack. Existing workbench flows are adjacent composition examples, not proof this target-domain workflow exists.",TRIAGE_ONLY_NOT_CERTIFIED
automation-reference-research,automation,reference-research,medium,PROPOSED_RECONCILE,WORKFLOW_COMPOSITION,aide-autonomous-workflow;aide-background-tasks;aide-agent-workflow-sop;aide-advanced-orchestration;aide-build-b3-compound-tasks;aide-master-roadmap,"Compose this multi-step activity in a curated workflow/pack. Existing workbench flows are adjacent composition examples, not proof this target-domain workflow exists.",TRIAGE_ONLY_NOT_CERTIFIED
automation-architecture-plan,automation,architecture-plan,medium,PROPOSED_RECONCILE,WORKFLOW_COMPOSITION,aide-autonomous-workflow;aide-background-tasks;aide-agent-workflow-sop;aide-advanced-orchestration;aide-build-b3-compound-tasks;aide-master-roadmap,"Compose this multi-step activity in a curated workflow/pack. Existing workbench flows are adjacent composition examples, not proof this target-domain workflow exists.",TRIAGE_ONLY_NOT_CERTIFIED
automation-interface-contract,automation,interface-contract,medium,PROPOSED_RECONCILE,PARTIALLY_SATISFIED,aide-background-tasks;aide-build-b3-compound-tasks,"Related domain skill text exists, but it lacks the supplied formal contract and coordinate-level routing/certification evidence.",TRIAGE_ONLY_NOT_CERTIFIED
automation-data-contract,automation,data-contract,medium,PROPOSED_RECONCILE,PARTIALLY_SATISFIED,aide-background-tasks,"Related domain skill text exists, but it lacks the supplied formal contract and coordinate-level routing/certification evidence.",TRIAGE_ONLY_NOT_CERTIFIED
automation-implementation-plan,automation,implementation-plan,medium,PROPOSED_RECONCILE,WORKFLOW_COMPOSITION,aide-autonomous-workflow;aide-background-tasks;aide-agent-workflow-sop;aide-advanced-orchestration;aide-build-b3-compound-tasks;aide-master-roadmap,"Compose this multi-step activity in a curated workflow/pack. Existing workbench flows are adjacent composition examples, not proof this target-domain workflow exists.",TRIAGE_ONLY_NOT_CERTIFIED
automation-prototype,automation,prototype,medium,PROPOSED_RECONCILE,WORKFLOW_COMPOSITION,aide-autonomous-workflow;aide-background-tasks;aide-agent-workflow-sop;aide-advanced-orchestration;aide-build-b3-compound-tasks;aide-master-roadmap,"Compose this multi-step activity in a curated workflow/pack. Existing workbench flows are adjacent composition examples, not proof this target-domain workflow exists.",TRIAGE_ONLY_NOT_CERTIFIED
automation-implementation,automation,implementation,medium,PROPOSED_RECONCILE,WORKFLOW_COMPOSITION,aide-autonomous-workflow;aide-background-tasks;aide-agent-workflow-sop;aide-advanced-orchestration;aide-build-b3-compound-tasks;aide-master-roadmap,"Compose this multi-step activity in a curated workflow/pack. Existing workbench flows are adjacent composition examples, not proof this target-domain workflow exists.",TRIAGE_ONLY_NOT_CERTIFIED
automation-integration,automation,integration,medium,PROPOSED_RECONCILE,WORKFLOW_COMPOSITION,aide-autonomous-workflow;aide-background-tasks;aide-agent-workflow-sop;aide-advanced-orchestration;aide-build-b3-compound-tasks;aide-master-roadmap,"Compose this multi-step activity in a curated workflow/pack. Existing workbench flows are adjacent composition examples, not proof this target-domain workflow exists.",TRIAGE_ONLY_NOT_CERTIFIED
automation-configuration,automation,configuration,medium,PROPOSED_RECONCILE,WORKFLOW_COMPOSITION,aide-autonomous-workflow;aide-background-tasks;aide-agent-workflow-sop;aide-advanced-orchestration;aide-build-b3-compound-tasks;aide-master-roadmap,"Compose this multi-step activity in a curated workflow/pack. Existing workbench flows are adjacent composition examples, not proof this target-domain workflow exists.",TRIAGE_ONLY_NOT_CERTIFIED
automation-migration,automation,migration,medium,PROPOSED_RECONCILE,WORKFLOW_COMPOSITION,aide-autonomous-workflow;aide-background-tasks;aide-agent-workflow-sop;aide-advanced-orchestration;aide-build-b3-compound-tasks;aide-master-roadmap,"Compose this multi-step activity in a curated workflow/pack. Existing workbench flows are adjacent composition examples, not proof this target-domain workflow exists.",TRIAGE_ONLY_NOT_CERTIFIED
automation-compatibility,automation,compatibility,medium,PROPOSED_RECONCILE,PARTIALLY_SATISFIED,aide-advanced-orchestration,"Related domain skill text exists, but it lacks the supplied formal contract and coordinate-level routing/certification evidence.",TRIAGE_ONLY_NOT_CERTIFIED
automation-error-handling,automation,error-handling,medium,PROPOSED_RECONCILE,PARTIALLY_SATISFIED,aide-autonomous-workflow;aide-background-tasks;aide-agent-workflow-sop,"Related domain skill text exists, but it lacks the supplied formal contract and coordinate-level routing/certification evidence.",TRIAGE_ONLY_NOT_CERTIFIED
automation-edge-cases,automation,edge-cases,medium,PROPOSED_RECONCILE,MISSING_HIGH_VALUE,aide-autonomous-workflow;aide-background-tasks;aide-agent-workflow-sop;aide-advanced-orchestration;aide-build-b3-compound-tasks,No operation-specific match was found in the curated domain skill family; prioritize because the catalog marks it high risk or the domain is on the current software-product/release path.,TRIAGE_ONLY_NOT_CERTIFIED
automation-security-review,automation,security-review,high,PROPOSED_RECONCILE,SOP_GOVERNED,aide-security-hardening;aide-supply-chain-audit;developer-way,Govern this cross-cutting procedure once through the named SOP family; add domain-specific checks only where evidence requires them.,TRIAGE_ONLY_NOT_CERTIFIED
automation-privacy-review,automation,privacy-review,medium,PROPOSED_RECONCILE,SOP_GOVERNED,covert-context-control;aide-offline-agent-loop;aide-secrets-handling-protocol;developer-way,Govern this cross-cutting procedure once through the named SOP family; add domain-specific checks only where evidence requires them.,TRIAGE_ONLY_NOT_CERTIFIED
automation-accessibility-review,automation,accessibility-review,medium,PROPOSED_RECONCILE,PARTIALLY_SATISFIED,aide-autonomous-workflow,"Related domain skill text exists, but it lacks the supplied formal contract and coordinate-level routing/certification evidence.",TRIAGE_ONLY_NOT_CERTIFIED
automation-performance-budget,automation,performance-budget,medium,PROPOSED_RECONCILE,MISSING_HIGH_VALUE,aide-autonomous-workflow;aide-background-tasks;aide-agent-workflow-sop;aide-advanced-orchestration;aide-build-b3-compound-tasks,No operation-specific match was found in the curated domain skill family; prioritize because the catalog marks it high risk or the domain is on the current software-product/release path.,TRIAGE_ONLY_NOT_CERTIFIED
automation-performance-profile,automation,performance-profile,medium,PROPOSED_RECONCILE,MISSING_HIGH_VALUE,aide-autonomous-workflow;aide-background-tasks;aide-agent-workflow-sop;aide-advanced-orchestration;aide-build-b3-compound-tasks,No operation-specific match was found in the curated domain skill family; prioritize because the catalog marks it high risk or the domain is on the current software-product/release path.,TRIAGE_ONLY_NOT_CERTIFIED
automation-unit-verification,automation,unit-verification,medium,PROPOSED_RECONCILE,NOT_APPROPRIATE_AS_SKILL,aide-task-verification-battery;aide-veritas-layer;aide-pre-push-gate,This is a deterministic verification/evidence outcome; expose the gate in a workflow and record its result instead of relying on prompt instructions.,TRIAGE_ONLY_NOT_CERTIFIED
automation-integration-verification,automation,integration-verification,medium,PROPOSED_RECONCILE,NOT_APPROPRIATE_AS_SKILL,aide-task-verification-battery;aide-veritas-layer;aide-pre-push-gate,This is a deterministic verification/evidence outcome; expose the gate in a workflow and record its result instead of relying on prompt instructions.,TRIAGE_ONLY_NOT_CERTIFIED
automation-e2e-verification,automation,e2e-verification,medium,PROPOSED_RECONCILE,NOT_APPROPRIATE_AS_SKILL,aide-task-verification-battery;aide-veritas-layer;aide-pre-push-gate,This is a deterministic verification/evidence outcome; expose the gate in a workflow and record its result instead of relying on prompt instructions.,TRIAGE_ONLY_NOT_CERTIFIED
automation-negative-testing,automation,negative-testing,medium,PROPOSED_RECONCILE,MISSING_HIGH_VALUE,aide-autonomous-workflow;aide-background-tasks;aide-agent-workflow-sop;aide-advanced-orchestration;aide-build-b3-compound-tasks,No operation-specific match was found in the curated domain skill family; prioritize because the catalog marks it high risk or the domain is on the current software-product/release path.,TRIAGE_ONLY_NOT_CERTIFIED
automation-fault-injection,automation,fault-injection,medium,PROPOSED_RECONCILE,MISSING_HIGH_VALUE,aide-autonomous-workflow;aide-background-tasks;aide-agent-workflow-sop;aide-advanced-orchestration;aide-build-b3-compound-tasks,No operation-specific match was found in the curated domain skill family; prioritize because the catalog marks it high risk or the domain is on the current software-product/release path.,TRIAGE_ONLY_NOT_CERTIFIED
automation-cross-platform-check,automation,cross-platform-check,medium,PROPOSED_RECONCILE,WORKFLOW_COMPOSITION,aide-autonomous-workflow;aide-background-tasks;aide-agent-workflow-sop;aide-advanced-orchestration;aide-build-b3-compound-tasks;aide-master-roadmap,"Compose this multi-step activity in a curated workflow/pack. Existing workbench flows are adjacent composition examples, not proof this target-domain workflow exists.",TRIAGE_ONLY_NOT_CERTIFIED
automation-offline-check,automation,offline-check,medium,PROPOSED_RECONCILE,WORKFLOW_COMPOSITION,aide-autonomous-workflow;aide-background-tasks;aide-agent-workflow-sop;aide-advanced-orchestration;aide-build-b3-compound-tasks;aide-master-roadmap,"Compose this multi-step activity in a curated workflow/pack. Existing workbench flows are adjacent composition examples, not proof this target-domain workflow exists.",TRIAGE_ONLY_NOT_CERTIFIED
automation-restart-recovery,automation,restart-recovery,medium,PROPOSED_RECONCILE,WORKFLOW_COMPOSITION,aide-autonomous-workflow;aide-background-tasks;aide-agent-workflow-sop;aide-advanced-orchestration;aide-build-b3-compound-tasks;aide-master-roadmap,"Compose this multi-step activity in a curated workflow/pack. Existing workbench flows are adjacent composition examples, not proof this target-domain workflow exists.",TRIAGE_ONLY_NOT_CERTIFIED
automation-observability,automation,observability,medium,PROPOSED_RECONCILE,PARTIALLY_SATISFIED,aide-autonomous-workflow;aide-advanced-orchestration,"Related domain skill text exists, but it lacks the supplied formal contract and coordinate-level routing/certification evidence.",TRIAGE_ONLY_NOT_CERTIFIED
automation-logging-diagnostics,automation,logging-diagnostics,medium,PROPOSED_RECONCILE,MISSING_HIGH_VALUE,aide-autonomous-workflow;aide-background-tasks;aide-agent-workflow-sop;aide-advanced-orchestration;aide-build-b3-compound-tasks,No operation-specific match was found in the curated domain skill family; prioritize because the catalog marks it high risk or the domain is on the current software-product/release path.,TRIAGE_ONLY_NOT_CERTIFIED
automation-documentation,automation,documentation,medium,PROPOSED_RECONCILE,PARTIALLY_SATISFIED,aide-autonomous-workflow;aide-agent-workflow-sop,"Related domain skill text exists, but it lacks the supplied formal contract and coordinate-level routing/certification evidence.",TRIAGE_ONLY_NOT_CERTIFIED
automation-operator-runbook,automation,operator-runbook,medium,PROPOSED_RECONCILE,SOP_GOVERNED,agent-notes;aide-aide-stack-launch-and-recover;developer-way,Govern this cross-cutting procedure once through the named SOP family; add domain-specific checks only where evidence requires them.,TRIAGE_ONLY_NOT_CERTIFIED
automation-code-review,automation,code-review,medium,PROPOSED_RECONCILE,SOP_GOVERNED,aide-release-engineering;aide-arch-test-fixes;aide-pre-push-gate;developer-way,Govern this cross-cutting procedure once through the named SOP family; add domain-specific checks only where evidence requires them.,TRIAGE_ONLY_NOT_CERTIFIED
automation-regression-analysis,automation,regression-analysis,medium,PROPOSED_RECONCILE,SOP_GOVERNED,aide-arch-test-fixes;aide-task-verification-battery;developer-way,Govern this cross-cutting procedure once through the named SOP family; add domain-specific checks only where evidence requires them.,TRIAGE_ONLY_NOT_CERTIFIED
automation-root-cause-repair,automation,root-cause-repair,medium,PROPOSED_RECONCILE,SOP_GOVERNED,aide-debugging-discipline;aide-unified-diff-repair;ask-dont-circle;developer-way,Govern this cross-cutting procedure once through the named SOP family; add domain-specific checks only where evidence requires them.,TRIAGE_ONLY_NOT_CERTIFIED
automation-dependency-audit,automation,dependency-audit,medium,PROPOSED_RECONCILE,SOP_GOVERNED,aide-supply-chain-audit;aide-arch-packaging-release;aide-ci-diagnostics,Govern this cross-cutting procedure once through the named SOP family; add domain-specific checks only where evidence requires them.,TRIAGE_ONLY_NOT_CERTIFIED
automation-release-readiness,automation,release-readiness,high,PROPOSED_RECONCILE,WORKFLOW_COMPOSITION,aide-autonomous-workflow;aide-background-tasks;aide-agent-workflow-sop;aide-advanced-orchestration;aide-build-b3-compound-tasks;aide-master-roadmap,"Compose this multi-step activity in a curated workflow/pack. Existing workbench flows are adjacent composition examples, not proof this target-domain workflow exists.",TRIAGE_ONLY_NOT_CERTIFIED
automation-evidence-capture,automation,evidence-capture,medium,PROPOSED_RECONCILE,NOT_APPROPRIATE_AS_SKILL,aide-task-verification-battery;aide-veritas-layer;aide-pre-push-gate,This is a deterministic verification/evidence outcome; expose the gate in a workflow and record its result instead of relying on prompt instructions.,TRIAGE_ONLY_NOT_CERTIFIED
automation-post-acceptance-monitoring,automation,post-acceptance-monitoring,medium,PROPOSED_RECONCILE,WORKFLOW_COMPOSITION,aide-autonomous-workflow;aide-background-tasks;aide-agent-workflow-sop;aide-advanced-orchestration;aide-build-b3-compound-tasks;aide-master-roadmap,"Compose this multi-step activity in a curated workflow/pack. Existing workbench flows are adjacent composition examples, not proof this target-domain workflow exists.",TRIAGE_ONLY_NOT_CERTIFIED
automation-maintenance-upgrade,automation,maintenance-upgrade,medium,PROPOSED_RECONCILE,WORKFLOW_COMPOSITION,aide-autonomous-workflow;aide-background-tasks;aide-agent-workflow-sop;aide-advanced-orchestration;aide-build-b3-compound-tasks;aide-master-roadmap,"Compose this multi-step activity in a curated workflow/pack. Existing workbench flows are adjacent composition examples, not proof this target-domain workflow exists.",TRIAGE_ONLY_NOT_CERTIFIED
